source,username,display_name,bio,website
instagram,echxo_studio,Chad Evans,,
instagram,_bizzarro,Antonio Bizzarro Montagnani,,
instagram,slm__tk,slmtk.,,
instagram,collin3d,3D ARTIST,,
instagram,ac7ionman,Aaron Travis,,
instagram,renderhub3d,RenderHub,,
instagram,footprint.xr,Footprint XR,,
instagram,natixlinas,natalie carolinas,,
instagram,tatulimgeladze,?????? ???????,,
instagram,godtripmiami,God Trip�,,
instagram,badson.us,BAD SON,,
instagram,samohtwo,sam02,,
instagram,zacshomler,Zac Shomler,,
instagram,pitchclub_io,Pitch Club,,
instagram,2xm_nz,2XM,,
instagram,nemzaki,Nemzaki,,
instagram,vonnmadeit,Art nerd,,
instagram,newdigitalcommune,New Digital Commune,,
instagram,opusvisions,.,,
instagram,kaycyy_pluto,KayCyy,,
instagram,daezhamonai,Daezha Monai,,
instagram,pathtoetinway,Path To Etinway,,
instagram,massinggroup,MASSING,,
instagram,edglrd,EDGLRD,,
instagram,slattcarti,,,
instagram,thebusinessguy7,The Business Guy | Asset Protection Planners,,
instagram,merydian.ai,MERYDIAN,,
instagram,tamara_alves,Tamara Alves,,
instagram,averyagcc,avery,,
instagram,slaytearchive,slayte xavier,,
instagram,kaysharic,Kaysha Richardson,,
instagram,nico.ballesteros,Nico Ballesteros,,
instagram,cottontails_childcare,Cottontails Childcare & Learning Center,,
instagram,the_johnsonbrothers,The Johnson Brothers,,
instagram,trippieredd,,,
instagram,aquatikofficial,Aquatik,,
instagram,openai,OpenAI,,
instagram,jsfilmz0412,JS FILMZ,,
instagram,raydrodriguez,Ray Rodriguez,,
instagram,duomo.dev,DUOMO.DEV,,
instagram,kidoriman_lifestyle,Kidoriman | Japanese inspired streetwear,,
instagram,neilleach14,Neil Leach,,
instagram,aceretrograde,AceRetroGrade Custom Handmade Clothing,,
instagram,cxsmo,,,
instagram,chuuw33,Dio. Spumoni,,
instagram,demisux,Siomani Loarca,,
instagram,jaredsylvia,Jared Sylvia,,
instagram,mgebsthegreat,Mariam Mgebr,,
instagram,ye,Ye,,
instagram,chromaticartifacts,Chromatic Artifacts,,
instagram,thedavidturk,David Turk,,
instagram,e.t._artist,ET artist,,
instagram,art_by_williamthethird,William Willoughby III,,
instagram,opium_00pium,,,
instagram,zzz.sammm,Zzz.,,
instagram,pinkpantheress,??,,
instagram,ninosbuildings,Nino Ferrari-Mathis,,
instagram,jtiagovisuals,??JOSHUA SANTIAGO??,,
instagram,dicer.ai,dicer.ai,,
instagram,trippieheadz,Trippie Headz,,
instagram,burp.god,Burpgod,,
instagram,plata_parini,Jossua Parini,,
instagram,meskita,Alessandra Meskita,,
instagram,afterthesmoke,Mister Toast,,
instagram,serraarabellaa,Serra bella,,
instagram,intermiamicf,Inter Miami CF,,
instagram,commedesgarconsnewyork,COMME des GAR�ONS New York,,
instagram,johnrazalo.tv,John Razalo,,
instagram,turingcom,Turing,,
instagram,freak.fight,Luis Perez Banus,,
instagram,pixel.past,Pixel Past,,
instagram,emilyyygates,Emily gates,,
instagram,poiandkeely,Keely Majewski (poi),,
instagram,openspaces.io,OpenSpaces,,
instagram,oem.care,OEM�,,
instagram,alignwithme,Estefan�a Andrea | Spiritual Mindset Coach,,
instagram,trio_mandili,Trio Mandili | Official,,
instagram,iam.affirmations,I am,,
instagram,theorderofspace,Luke Thompson,,
instagram,connie_ramos14,???????????? ?,,
instagram,wizofai,Artificial Intelligence | Technology,,
instagram,gundamecha,Like gundam.,,
instagram,thenoisediary,The Noise Diary,,
instagram,dominiquekalem,Dominique Jale Kalem,,
instagram,malewiczhype,Michal Malewicz,,
instagram,cryptobeastagency,CRYPTO BEAST AGENCY,,
instagram,blender.community,Blender Community,,
instagram,future.architects_,Future Architecture,,
instagram,eeedgelooord,edgelord,,
instagram,demmo.corp,DEMMO �,,
instagram,manofdutch,Manofdutch,,
instagram,seanaiux,Sean � Web3 UX Designer,,
instagram,hypeform,Hypeform,,
instagram,insidevendettasmind,Vendetta,,
instagram,christopher____scangas,christopher scangas,,
instagram,burpgod1,Burpgod,,
instagram,bluesin_n_crusin_vtg,Bluesin N Crusin Vintage,,
instagram,acoldwall,A-COLD-WALL*,,
instagram,create.repeat,Create.Repeat,,
instagram,gromer.png,Christoph Gromer,,
instagram,liminalium,,,
instagram,biancacensori,Bianca Censori,,
instagram,proctorgallagher,Bob Proctor,,
instagram,mboa.art,Maxime Manga,,
instagram,rakuen.ch,Rakuen | Freelance Pixel Artist,,
instagram,gamvae,gamvae,,
instagram,insain.worldwide,Insain Worldwide,,
instagram,thisislandscape,Landscape,,
instagram,thedeepview.co,The Deep View,,
instagram,ovvnstudio,Tolga B,,
instagram,drowninthe2000,,,
instagram,ainterestingupdate,AI / Tech Updates,,
instagram,stackyungin,#24hrs,,
instagram,fifthpower,Fifthpower.,,
instagram,storrorparkourpro,STORROR Parkour Pro,,
instagram,yachtingmagazine,Yachting Magazine,,
instagram,taaole,?? tata,,
instagram,ral_legacy,[ RAL ] REDEFINE AMONG LEGACY,,
instagram,produniversity,Producer University,,
instagram,stevestoute,Steve Stoute,,
instagram,skycanvacreator,Sky Canva Creator,,
instagram,khoba_____,KHOBA,,
instagram,ruihuang_art,Rui Huang,,
instagram,nihon.vibe,anime aesthetics�??,,
instagram,monaalissyy,i�m,,
instagram,texturingxyz,Texturing XYZ,,
instagram,drewhouse,drew house,,
instagram,4ntobz,Tobz,,
instagram,themmaguru_official,THE MMA GURU,,
instagram,donaldsonplus,Donaldson + Partners,,
instagram,googledeepmind,Google DeepMind,,
instagram,t__m.space,t__m.space,,
instagram,italian_places,ItalianPlaces di MarcoConforti,,
instagram,donv.studio,Don V,,
instagram,____mezzanine____,Mezzanine Mezzanine,,
instagram,kennedyyanko,K E N N E D Y,,
instagram,veliz_arquitecto,Jorge Luis Veliz Quintana,,
instagram,foundedarchive,Founded Archive,,
instagram,djdreamthug,DREAMTHUG,,
instagram,nevillegoddardsuccess,Neville Goddard Success,,
instagram,miguel_angel_aragones,Miguel Angel Aragones,,
instagram,tanksgodpod,TANKSGODPOD,,
instagram,anti__reality,ANTIREALITY,,
instagram,idillionaire,Idil Ahmed,,
instagram,maamuor,?�,,
instagram,zahidgames,ENENRA: D?EMON CORE,,
instagram,boatsgonewild,Boats Gone Wild,,
instagram,er.jacey,3D Designer ??,,
instagram,stelinspo,Stelinspo,,
instagram,leartesstudios,Leartes Studios,,
instagram,infinitysong,Infinity Song,,
instagram,ethdavis,Ethan Davis,,
instagram,bapeblackofficial,BAPE BLACK by *A BATHING APE�,,
instagram,youareagodofyourreality,,,
instagram,yungfazo,,,
instagram,mingkurray,??????????,,
instagram,funnytummyart,FT ART,,
instagram,vybo,VYBO,,
instagram,gilga,GILGA,,
instagram,officialjosephrodrigues,Joseph Rodrigues,,
instagram,infinitearchives,,,
instagram,coyotespaziale,Coyote Spaziale,,
instagram,abyss.digital,Abyss Digital,,
instagram,zhestkov,Maxim Zhestkov,,
instagram,imjulidiaz,Yuyi,,
instagram,ilokunstgallery,ilokunst official gallery,,
instagram,kxdgraphics,Kostya Petrenko,,
instagram,izzydu,Izzy Du,,
instagram,camdenstewarts,Camden Stewart,,
instagram,microsoft.design,Microsoft Design,,
instagram,thevisualdome,The Visual Dome,,
instagram,offgod.tate,offgod:tate,,
instagram,gab3,Gab3 (Gabe) *,,
instagram,lifx,LIFX � Smart Lighting,,
instagram,thetokuofficial,Toku.,,
instagram,vetmamagazine,VETMA,,
instagram,888vampires,Jeff Nguyen,,
instagram,margheritavox,Margheritavox,,
instagram,analogue.agency,Analogue Design Agency,,
instagram,ausssssssssssssssssss,AUS,,
instagram,senecalabs,seneca labs,,
instagram,vincentgallo,Vincent Gallo,,
instagram,_ynwbslime,Ynw BSlime ????????,,
instagram,nflallday,NFL ALL DAY,,
instagram,richthekid,Rich The Kid ?????,,
instagram,businessuntitled,Business Untitled,,
instagram,tokyo_tales_,,,
instagram,wonderfulworldandco,Wonderful World,,
instagram,worldarchitecturedesign,Architecture Design,,
instagram,melancholymachinations,????????????????????,,
instagram,jakepaul,Jake Paul,,
instagram,space.realm,SPACE?????REALM,,
instagram,miseremoderne,Modern Misery,,
instagram,wrathofbortex,Wrath!,,
instagram,cxo2k,,,
instagram,artlebedev.ui,Artemii Lebedev,,
instagram,corruptedd.pdf,CLOTHING DESIGNER ???,,
instagram,b3n1s,LIL BENIS BOYZ,,
instagram,tldr_newsletter,TLDR Newsletter,,
instagram,colbycovington,colbycovington,,
instagram,natalyadelvalle,???Natalya Delvalle???,,
instagram,filmoment,Filmoment �,,
instagram,lumalabsai,Luma,,
instagram,ral7000studio,RAL7000STUDIO Agency,,
instagram,nonotakstudio,NONOTAK,,
instagram,richforever,Rick Ross,,
instagram,innovation,AI Innovations Hub,,
instagram,mbroidered.art,MBROIDERED,,
instagram,gosharubchinskiy,???? ??????????,,
instagram,badmarketing,BAD Marketing,,
instagram,gen___2,G2,,
instagram,2hollis,,,
instagram,idiedafewtimes,,,
instagram,ui.vitali,Vitali Darozhka - Product Designer | UI/UX,,
instagram,prestigehouses,Prestige Houses,,
instagram,dash_cam,Dasha Nekrasova,,
instagram,jaredpike.art,Jared Pike,,
instagram,autopilot,Autopilot,,
instagram,takotsiklauri,Tako Tsiklauri,,
instagram,kiarabagattini,Kiara Bagattini,,
instagram,10kprojects,10K Projects,,
instagram,tigerchild,tiger,,
instagram,substance3dart,Adobe Substance 3D,,
instagram,future_familiar,Chet Callahan,,
instagram,anarkyart,,,
instagram,digitalultracut,DIGITAL ULTRACUT,,
instagram,eth3realm,etherealm,,
instagram,scry_lab,SCRY Official,,
instagram,the13thcrypt,Erick Celiz,,
instagram,kerwinfrost,Kerwin Frost,,
instagram,tysmastudios,,,
instagram,donebydoug,Doug,,
instagram,soothing_breathe,Soothing Breathe ??,,
instagram,western.revolt,WESTERN REVOLT ART,,
instagram,boyliife,,,
instagram,worldviewspace,World View,,
instagram,archivereloaded,Secret Item Archive,,
instagram,reinacosmo,reina cosmo,,
instagram,design.input,Design Input,,
instagram,amalfiicoast,Gianfranco | Travel Creator | Amalficoast ??????,,
instagram,wallyyachts_official,Wally,,
instagram,808louie,LOUIE,,
instagram,letskree8,Kree8 by Sprrrint,,
instagram,neomechanica1,Cyberpunk/Dystopian city�s,,
instagram,junpenelope,jun PEN�LOPE �,,
instagram,sub.global,,,
instagram,kzlkid,kzlkid,,
instagram,calkearns,callery kearns,,
instagram,riwavey,RI WAVEY,,
instagram,sirena__studio,,,
instagram,bakerz.duzen,BAKERZDUZEN,,
instagram,streetwearofroses,StreetwearofRoses,,
instagram,blendervitals,BlenderVitals,,
instagram,flyvaunt,Vaunt,,
instagram,blaze_ai_app,Blaze.ai,,
instagram,fousey,Yousef Erakat,,
instagram,beyondfnc,Beyond Creative,,
instagram,cinegrading,"Cinegrading ?? Lightroom Presets, Photo & Video Editing Tools",,
instagram,yevault,YeVault,,
instagram,zachex,Zakaria Ourhou - Brand & UX Design,,
instagram,toomuchslizzy,SLIZZY ENT,,
instagram,vanny.work,Vanny,,
instagram,vlge__,VLGE,,
instagram,leyangbai,Leyang Bai,,
instagram,mollysantana00,,,
instagram,nvidiastudio,NVIDIA Studio,,
instagram,moshc0re,moshc0re,,
instagram,yueminjun001,Yue Minjun ???,,
instagram,power.ai,Artificial Intelligence,,
instagram,shyzzzi,Pavel Ustinov,,
instagram,artisant.io,ARTISANT,,
instagram,startuparchive_,Startup Archive,,
instagram,thegamedevclub,gamedev | 3dart,,
instagram,yzy,YZY,,
instagram,sightofdom,????????????????????,,
instagram,was.tak6n,tak6n,,
instagram,company.studio.records,company studio,,
instagram,socialcat,Social Cat,,
instagram,opmbabi,,,
instagram,lumin.skin,Lumin Skin,,
instagram,anchorball_arch,Ken Kelleher,,
instagram,antidistortion,anti distortion,,
instagram,opensend_hq,Opensend,,
instagram,trilithstudios,Trilith Studios,,
instagram,hadikarimi.portraits,Hadi Karimi | 3D Portrait Artist,,
instagram,parisaintstudio,Paris Saint Studio,,
instagram,iam_love.co,I AM Love � Spirituality & Manifestation,,
instagram,jimibiscuits,Harry Waine,,
instagram,forcult_,forcult,,
instagram,icandy.archive,Eyecandy Archive �,,
instagram,metahorizon,Meta Horizon,,
instagram,reesecooperinc,REESE COOPER�,,
instagram,ayrerose17,ayrerose,,
instagram,lewwwwwwwwwinsky,lewwwwwwwwwinsky,,
instagram,yesjulz,YESJULZ,,
instagram,format3studio,Format�3,,
instagram,megnutt02,Megan Nutt,,
instagram,sensetus,SENSETUS,,
instagram,projectdeniz,Project Deniz,,
instagram,odysseusclub,Odysseus,,
instagram,gamedev_showcase,indiegames????,,
instagram,stan_elskens_,Stan Elskens | Organische Content Specialist,,
instagram,flashfashion_manufacturer,Jennie Feng,,
instagram,jasiaabrams,Jasia,,
instagram,frame.48,Frame48,,
instagram,mayer.visual,Mayer Visual,,
instagram,crunchyriot,CRUNCHY??RIOT �?,,
instagram,aesthrax,Aesthrax,,
instagram,creature.world,Creature World,,
instagram,borrachinhamma,Paulo Costa,,
instagram,tamperingwithsound,TamperingWithSound pka DN3,,
instagram,jacx.o,JE - JACX,,
instagram,trvsuals,L�o Villars,,
instagram,sv.meet,,,
instagram,metatailor_official,METATAILOR,,
instagram,lilmmart,Nolann,,
instagram,trashhand,trashhand,,
instagram,yeezyboosts,,,
instagram,studio_2am,Studio 2am | Graphic Design Resources,,
instagram,lostshdws,LOSTSHDWS,,
instagram,18eastofficial,18 EAST,,
instagram,saveaj_,lifelive,,
instagram,doncare_store,DONCARE,,
instagram,prettycoolstrangers,prettycoolstrangers (matt),,
instagram,realityscanofficial,RealityScan,,
instagram,sprrrintdesign,Sprrrint � UI & UX Tips,,
instagram,eluna.ai,Artificial Intelligence,,
instagram,data_has_been_deleted,Everyone you see here is Deleted,,
instagram,weareacidbite,ACIDBITE,,
instagram,midjourney.architecture,Midjourney Architecture,,
instagram,outreach.io,Outreach.io,,
instagram,homeables,homeable,,
instagram,antoniogaryjr,antonio???,,
instagram,skaiwater,princess,,
instagram,marleehightower,Marlee Hightower,,
instagram,graescape,,,
instagram,playboicarti,,,
instagram,demonflyingfox,demonflyingfox,,
instagram,ai.innovator,Artificial Intelligence | AI | Technology,,
instagram,snarkitecture,Snarkitecture,,
instagram,kingofstyle,King Of Style,,
instagram,betsubara_japan,Betsubara,,
instagram,designfamilymarket,DesignFamilyMarket,,
instagram,baran.sarper,Sarper Baran,,
instagram,synthesis.is,Synthesis,,
instagram,outsideobservations,,,
instagram,slovakiandreams,Slovakian Dreams,,
instagram,numo_ai,numo.ai,,
instagram,maleekaismyguardianangel,,,
instagram,gorpcore.ai,Future of Fashion,,
instagram,eptastudios,EPTA,,
instagram,spacecadetarts,Joe Donovan,,
instagram,appleinthefuture,Apple In The Future,,
instagram,loonarclothing,Loonar Clothing,,
instagram,archivesarea,ARCHIVES AREA�,,
instagram,rimatelier_,R?M,,
instagram,superplastic,SUPERPLASTIC�,,
instagram,meshy.ai,MeshyAI,,
instagram,marc.on.film,Marc,,
instagram,glogang,Glo Gang Clothing,,
instagram,theadamfriedlandshow,THE ADAM FRIEDLAND SHOW,,
instagram,synthesiaio,Synthesia,,
instagram,trillclothingmkt,TrillClothingMkt,,
instagram,skiegraphicstudio,skiegraphicstudio,,
instagram,usemotionapp,Motion: AI Work Suite,,
instagram,lyfeharris,LYFE HARRIS,,
instagram,stealthventurelabs,Stealth Venture Labs,,
instagram,tomjoyceartist,Tom Joyce,,
instagram,akhmadullina__digital,Digital Vasilisa,,
instagram,davidshrigley,David Shrigley,,
instagram,foreignresource,,,
instagram,lilkris3000,Kris,,
instagram,sootworld,SOOT,,
instagram,codebluegames,CodeBlueGames,,
instagram,wearelivinginthefuture,We Are Living in the Future,,
instagram,zeenchin,zeenchin,,
instagram,zeely.app,AI Sales Growth App,,
instagram,jacobfuckingjones,jacob,,
instagram,retroanime_jp,retroanime_jp,,
instagram,popuparchitecture,popUP,,
instagram,genies,Genies,,
instagram,canyaon,???? ??????,,
instagram,pika_labs,Pika,,
instagram,briktop_,Joao Elias,,
instagram,plottttwistttttt,,,
instagram,priest_ben,Benjamin Priest,,
instagram,nettspend_,,,
instagram,whoiswhoknows,IGNORANT,,
instagram,aoctw_st,And Out Come The Wolves,,
instagram,dmtrickzz,Dm�s Bbtrickz,,
instagram,_pwnisher_,Clinton Jones,,
instagram,gabrieloalex,Pasare Alexandru Gabriel,,
instagram,dbrman.comm,DBRMAN,,
instagram,musicvoidclothing,Hip Hop-Inspired Clothing,,
instagram,not.a.co.der,NOT A CODER,,
instagram,glass_void,Tom � Analog Glitch Visuals,,
instagram,umgj,Um-Gj,,
instagram,milesbuckle.exe,Miles Buckle,,
instagram,badlands1st,Badlands,,
instagram,arkangelcreative,ARKANGEL CREATIVE,,
instagram,s4veth3world,STW!,,
instagram,founded,FOUNDED,,
instagram,vasconiarchitectes,Vasconi Architectes by Thomas Schinko,,
instagram,od.a.footwear,od.A�,,
instagram,ditchtheboarddeck,Zeck,,
instagram,untethrd.co,Untethrd,,
instagram,haikettua_atl,Hai Trinh | My life | My vibe,,
instagram,sayphurr,SAY! ????,,
instagram,lindseyfishman,lindsey fishman,,
instagram,loremdeloop,LOREM / Lukas Bruhn,,
instagram,villain_studio,VILLAIN STUDIO �,,
instagram,viralwithviro,Viro,,
instagram,setupdesigns,S E T U P,,
instagram,feedbirdcom,Feedbird.com,,
instagram,yinyanggg,??,,
instagram,thesandboxgame,The Sandbox,,
instagram,orpheusmuse,??rpheus' Muse,,
instagram,conceptkicks,CONCEPT(K),,
instagram,analogue.co,Analogue,,
instagram,tomorrow_living_,Tomorrow Living - A Documentary Series,,
instagram,enochs_everton,Enoch,,
instagram,stanleykubrick,Stanley Kubrick,,
instagram,redunchained,Davide Sasso,,
instagram,01000101_01100111_01101111,Ego,,
instagram,greedy.by.design,Greedy By Design,,
instagram,jonathanplesel,Jonathan Plesel,,
instagram,tadao.ando,Tadao Ando fan,,
instagram,sinformas_,???????????? ?????????????? | ???????????? 3?? ????????????,,
instagram,retroijapan,Retro Anime,,
instagram,wearetundra,TUNDRA,,
instagram,behance,Behance,,
instagram,artur.esh,ESH�,,
instagram,adrec,adrec,,
instagram,gerardomasacre,Gerardo Garcia,,
instagram,passgoaltriple,,,
instagram,heavn,,,
instagram,sugasean,Suga Sean O'Malley,,
instagram,20vchq,20VC,,
instagram,specoolar,Shahzod Boyhonov,,
instagram,themasterslides,The Master Slides,,
instagram,hang,Hang Man,,
instagram,miettinenjesse,Miettinen Jesse,,
instagram,specters_art,Tyler Scully,,
instagram,marcot1d_liminal,Marco,,
instagram,clanhub,CLAN�,,
instagram,elmjackelmjack,elmjack,,
instagram,arsen.aldyngarov,Arsen Aldyngarov,,
instagram,try_smartlook,Smartlook,,
instagram,sixfiveight,?,,
instagram,untilled.ground,TOPHER,,
instagram,objectsivlife,objectsivlife,,
instagram,thuggerthugger1,SEX!!,,
instagram,generated.arch,AI Generated Architecture,,
instagram,imswagboi71,kt ??,,
instagram,reisinger__,REISINGER,,
instagram,coll3ctiveai,The Collective,,
instagram,polycount.io,Polycount,,
instagram,wagmiunited,WAGMI United,,
instagram,fabeeobreen,Fabeeo Breen,,
instagram,nastasia.uiux,UX/UI Designer,,
instagram,big.human,Big Human,,
instagram,dansky3d,Daniel Lvovsky,,
instagram,thelaylajenner,Layla Jenner,,
instagram,sundayscreens,Sunday Screens,,
instagram,hypemaker,Hypemaker,,
instagram,zeeto.io,Zeeto,,
instagram,loona_app,Lo�na,,
instagram,hatthanan,Hatthanan,,
instagram,store1969,,,
instagram,johnrazalo.hk,John Razalo,,
instagram,aer.productions,Aer Studio,,
instagram,xocuffs,cuffs!,,
instagram,klangphonics_,Klangphonics,,
instagram,babyhulkmma,David Wilson,,
instagram,888tnw,888 The New World,,
instagram,godzdntdie,christopher scangas,,
instagram,emmanuelwkazadi,Emmanuel Kazadi,,
instagram,ai.shoe.factory,ai.shoe.factory,,
instagram,jappluzart,Pauline Boiteux,,
instagram,rondesignlab,Bringing Breath of Fresh Air to Design,,
instagram,madilyn.o.jones,Madilyn Jones,,
instagram,cringe_heaven,Vozya,,
instagram,eye.sound,Eye Sound,,
instagram,ultraviz,ultraviz,,
instagram,noireclassique,Noire Classique,,
instagram,neue.fm,Alex Vann,,
instagram,wemakethegame,Edmund Lee,,
instagram,erasedstudio,ERASED STUDIO,,
instagram,sopranosoutofcontext,The Sopranos Out of Context,,
instagram,j.wav_,? ??�?????? ?,,
instagram,m0.studio,m0,,
instagram,r3trosp3ctro,Niles Stewart,,
instagram,get_imprint,Imprint,,
instagram,tsuguaki_abe,Tsuguaki Abe,,
instagram,claude_works,CLAUDE,,
instagram,parall.peak,parall.pe/\k,,
instagram,brightscoutco,BRIGHTSCOUT,,
instagram,cascadeshow,Cascade:A Jen Stark Experience,,
instagram,icantlook,Look At Yourself,,
instagram,lightningstatements,LS,,
instagram,arselectronica,Ars Electronica,,
instagram,bakerzduzen,Justin Baehr,,
instagram,hayden_clay,Hayden Clay Williams,,
instagram,vaprart,Vadim Procenko,,
instagram,shapxo,Shapxo,,
instagram,champagnepapi,champagnepapi,,
instagram,aenrmous,�,,
instagram,playblankos,Blankos Block Party,,
instagram,disruptingnirvana,Disrupting Nirvana,,
instagram,synth3ticc,synth ?,,
instagram,geobeaauties,??????????????????????,,
instagram,matthewmwilliams,Matthew M Williams,,
instagram,funnel.io,Funnel,,
instagram,jackchen.atelier,JACKCHEN,,
instagram,leollii,,,
instagram,linquitoo,linquito,,
instagram,wax._8,WAX,,
instagram,pqhaus,PQHA�S,,
instagram,federicoferrophoto,Federico Ferro,,
instagram,hyper.tek,Morad Enayet,,
instagram,justinkaminuma,Justin Kaminuma,,
instagram,toroymoi,Toro y Moi,,
instagram,metaverse.fashion,Metaverse Fashion,,
instagram,pierreblancstudio,Pierre Blanc,,
instagram,pluuvo,,,
instagram,jasonkeyvfx,Jason Key,,
instagram,ai_p4ilip,Philip B. Stiernstr�m,,
instagram,mia.hueman,Mia,,
instagram,liltecca,tec,,
instagram,hayri.atak.arch.design.studio,Hayri Atak,,
instagram,phenomenon__studio,Phenomenon Studio,,
instagram,narraitive.io,,,
instagram,nostalgicinterior,Nostalgic interior,,
instagram,masterwen_hao,?W??,,
instagram,tezzus,KING PH�NK,,
instagram,trizzythemouth,trizzythegoat,,
instagram,glorpish,glorp ish,,
instagram,miguel.pena.kk,Miguel Pe�a,,
instagram,astarte_suites,Astarte Suites Hotel Santorini,,
instagram,free.downloads.com_,,,
instagram,johnterzian,John Terzian,,
instagram,tripl7lab,TRIPL7,,
instagram,zwir_creative,Bogdan Zwir,,
instagram,simon_stalenhag,Simon St�lenhag,,
instagram,renderfault,renderfault,,
instagram,gs.aya,Greg Ayala,,
instagram,workingondying,WORKING ON DYING,,
instagram,youngchickenpox,YCP,,
instagram,exactly.ai,exactly.ai,,
instagram,decentraland_foundation,Decentraland Foundation,,
instagram,charming_computer,Charming Computer,,
instagram,kf.3dsolutions,Kukushkin Family studio | design + 3D | tutorials,,
instagram,0_metaverse,0studio.ai,,
instagram,wg.xyz,Will,,
instagram,x0rart,x0r,,
instagram,civilregime,CIVIL REGIME,,
instagram,protosneaks,,,
instagram,burberry.erry,,,
instagram,jularodz,,,
instagram,damien_visual,Damien Lagadeuc,,
instagram,akashnigam,Akash Nigam,,
instagram,numsurr,Numsurr,,
instagram,minivintagecam,mini� Vintage Cameras,,
instagram,epmg.fiji,????????.????????,,
instagram,dangiuz,Dangiuz,,
instagram,alpevchino,Alex Pevchev,,
instagram,mutsu_by_pf,MUTSU,,
instagram,lil3nvi,lil envi,,
instagram,machadoxleao,MACHADO?LEAO | Cover Art,,
instagram,astrono77153462,???????,,
instagram,laligagolazos,LaLiga Golazos,,
instagram,aplasticoncept,??,,
instagram,shadyattire,,,
instagram,ozerview,OZERVIEW,,
instagram,anim_matt,Matthew Tovar,,
instagram,prospectiveflow,Prospective Flow,,
instagram,belacartess,Belacartes,,
instagram,difffusestudio,Difffuse Studio,,
instagram,q_franklinart,Q Franklin,,
instagram,mschf,MSCHF,,
instagram,darrenaronofsky,Darren Aronofsky,,
instagram,mervthis,Merve Yurtta?,,
instagram,katr9n,,,
instagram,dabruzzinator,Da Bruzzinator,,
instagram,6000toy,,,
instagram,sivadart_,Sivad Art & Wellness,,
instagram,trainual,Trainual,,
instagram,edwardartsupplyhands,Edward Art,,
instagram,danchoocho,DANCHOO CHO,,
instagram,halostage.studio,HALOSTAGE,,
instagram,open.architecture,OPEN,,
instagram,prism_joshuatree,Prism by kud properties,,
instagram,ericrichardsonofficial,Eric Richardson,,
instagram,ralphlaurenshorse,??,,
instagram,claudiakeep,,,
instagram,virtualjewellery,#digitaljewellery,,
instagram,petersmiless,Peter Smiley,,
instagram,mal.co.lm,,,
instagram,glitchartistscollective,Glitch Artists Collective,,
instagram,iceprimo,Primo,,
instagram,raga_malak,RAGA MALAK,,
instagram,hypebeast,HYPEBEAST,,
instagram,bylujain.sa,Lujain Hani,,
instagram,sakura_rabbiter,Sakura Rabbit ???,,
instagram,jacobgreennnnnn,J BABY,,
instagram,seekingapprovaldesign,Carter,,
instagram,nb_create,Nathan Bolger,,
instagram,monkeyking_ufc,"Jordan ""The Monkey King"" Leavitt",,
instagram,mashimo_tamame,????,,
instagram,kattoflaherty,katt ?,,
instagram,irinairiai,,,
instagram,wh0wh00,wh0wh0 / Jacek Pro?ci?ski,,
instagram,ekimroyrp,ekim,,
instagram,cactusjack,Cactus Jack,,
instagram,runwayapp,Runway,,
instagram,dana_ulama_artworks,Dana Ulama,,
instagram,auguste_lefou,Auguste Lefou,,
instagram,rocha.designstudio,R O C H A Design Studio,,
instagram,riseofcarti,Playboi Carti Fan Page,,
instagram,nikesportswear,Nike Sportswear,,
instagram,calm,Calm,,
instagram,james_films,James Tralie,,
instagram,teamseshcatsoup,cat soup,,
instagram,rivawoodenclassics,Riva Wooden Classics,,
instagram,___air_,,,
instagram,_vlasov_roman_,Roman Vlasov,,
instagram,ea.gunpla,EAGP,,
instagram,analogmirage,Analogmirage,,
instagram,arch___itecture,ARCHITECTURE,,
instagram,normanjaffe,Norman Jaffe,,
instagram,videotapemagazine,videotape magazine,,
instagram,bbcicecream,BILLIONAIRE BOYS CLUB & ICECREAM,,
instagram,williamwemba,,,
instagram,someform.studio,someform Studio,,
instagram,romanoism,J Romano,,
instagram,bydekoi,Khalil,,
instagram,thecoloralbum,TheColorAlbum,,
instagram,wearepopulous,Populous,,
instagram,playskatex,SkateX,,
instagram,dalle.2_art,DALL-E 2 Art,,
instagram,orbitsarchive,00rbit,,
instagram,cherry.entao,,,
instagram,thebag,The Bag,,
instagram,doped.esign,???????? ????????????,,
instagram,onesal_studio,Onesal,,
instagram,yourlatentreality,,,
instagram,hdg_architecture,HDG Architecture,,
instagram,blaccmass,BM,,
instagram,drezzdon,bob,,
instagram,hugodiazcardenas,Hugo,,
instagram,rek0de,REK0DE,,
instagram,kith,Kith,,
instagram,obby.jappari,Obby & Jappari,,
instagram,danielliang_1107,Daniel Liang,,
instagram,lauris__veide,Lauris Veide,,
instagram,waterboyscfb,Waterboys College Football,,
instagram,graphic_rewilding,Graphic_Rewilding,,
instagram,running.files,,,
instagram,oliver_country,Oliver Country,,
instagram,mattox,THE OX,,
instagram,tinysoldi3r,HEAD HUNNER�,,
instagram,breefwork,breef.,,
instagram,rabbitholeaistudio,RabbitHole,,
instagram,edward.builds,Edward Sturm,,
instagram,polycam3d,Polycam - LiDAR & 3D Scanner,,
instagram,sefkiibrahim,?efki Ibrahim,,
instagram,andrewkostman,Andrew Kostman,,
instagram,davitjilavyan,Davit Jilavyan | LEMEAL studio,,
instagram,behindthepatrol,Behind the Patrol with Lindsey Renee,,
instagram,betamax.plus,,,
instagram,pinkflamingousa,PINKFLAMINGOUSA,,
instagram,camereto,Cam Miller,,
instagram,outerwear.archives,Outerwear Archives,,
instagram,mickces,m,,
instagram,quantumobservers,Law of Attraction Academy,,
instagram,william.lindhorst,William Lindhorst,,
instagram,i.have.reflex,Jules,,
instagram,etheeverse,?,,
instagram,sightboxstudios,Sightbox,,
instagram,skyonlyyyyy,SKy,,
instagram,architectanddesign,Architecture & Design,,
instagram,stuart.prestedge,Stuart Prestedge,,
instagram,ninfa.io,NINFA,,
instagram,erl,erl,,
instagram,sunny.ssa,Sunny,,
instagram,__e____n,Ellen Nielsen,,
instagram,skatestory,SKATE STORY,,
instagram,diamondvisuals,Diamond Visuals,,
instagram,greg_furlock,@salsababy,,
instagram,liluzivert,Lil Uzi Vert,,
instagram,charlesscottcreative,Charlie Scott,,
instagram,iamtroyhill,Troy Hill,,
instagram,humans,humans,,
instagram,druski,DRUSKI,,
instagram,nightwolf.ai,Night Wolf,,
instagram,jacelnn,JACE,,
instagram,v0tched,Indy Mandhar,,
instagram,kencarson,,,
instagram,_jxdelyn,jade.,,
instagram,aiforarchitects,Ahmet Eren Keskin | Architect & Interior Designer,,
instagram,ianschrager,Ian Schrager,,
instagram,mitkow_1,Mariusz Mitkow ??,,
instagram,stuz0r,Stuart Lippincott,,
instagram,taehoonpark_art,THP,,
instagram,holochien,liminal places and faces,,
instagram,imagining_creates_your_reality,Neville Goddard Simplified,,
instagram,pplpleasr,pplpleasr,,
instagram,mercer.labs,M?RCER LABS,,
instagram,hakaiwang,??,,
instagram,henrialexanderlevy,Henri Alexander,,
instagram,supertrip64,SuperTrip??,,
instagram,felix_saves,Felix,,
instagram,jena_998,JENA DESIGN STUDIO,,
instagram,ken.odonnell,Ken O'Donnell,,
instagram,rosart000,roS,,
instagram,poolsuite,Poolsuite,,
instagram,nuwo.world,NOT UNLESS WE OWN,,
instagram,midcentury_avenue,,,
instagram,thisisnotreels,Patrick Li,,
instagram,anaxwong,Anawong,,
instagram,keepoffthegrass.xyz,KOTG,,
instagram,fraseryachts,"Fraser Yachts - Sales, Charter & Management",,
instagram,snackodev,Snacko,,
instagram,adeoluosibodu,Adeolu Osibodu,,
instagram,kadencedopecat,KADE,,
instagram,mercercreativestudio,3D Design Studio,,
instagram,wozhidao0,,,
instagram,ryanleslie,Ryan Leslie,,
instagram,ripped_n_dripped,Rippedndripped | upcycled 1 of 1 clothing,,
instagram,streetcars101mag,Street Cars 101 Magazine � | Print/Digital/ Online Magazine,,
instagram,bysameng,sam eng,,
instagram,l3monworldwide,L3MON,,
instagram,kaminosekkei,Ely Lara,,
instagram,yassinmyh,Yassin?,,
instagram,synchro.o,welcome �,,
instagram,web3maxx,MAXX,,
instagram,sp00kypatrick,SPKY P,,
instagram,cuandoestoyaburrido.exe,Jose Espinoza l Multimedia Designer,,
instagram,fluks__,FLUKS STUDIO,,
instagram,sidefxhoudini,SideFX Houdini,,
instagram,be.esign,beesign,,
instagram,sangstaa,sangstaa,,
instagram,looksbylanguage,language.,,
instagram,thepurecinema,The Pure Cinema,,
instagram,_diannalopez,,,
instagram,sebsmakesart,Sebastian Robles,,
instagram,wangwei_instagram,WANG WEI,,
instagram,serifa,SERIFA,,
instagram,joemortell,Joe Mortell,,
instagram,saffycreatives,,,
instagram,postersofsomesort,Sutapa,,
instagram,ntmb_official,NTMB Never Too Much Basic.,,
instagram,monolith.digital,Monolith Studios,,
instagram,maciejkuciara,Maciej Kuciara,,
instagram,animoscillator,Dan Haywood,,
instagram,austinpoon.art,Austin Poon � Digital Artist,,
instagram,jesika.art,?Jesika.art � formerly Trancika,,
instagram,quatiica,Quatiica Motorsports,,
instagram,humbleartsfoundation,Humble,,
instagram,miss_spaceage,Miss Spaceage,,
instagram,shweip,SHWEIP,,
instagram,realimposter,Steven Baltay,,
instagram,phasesmag,Phases Magazine,,
instagram,vegijto,?EGITO | ????,,
instagram,p4v3d,widewave,,
instagram,tayrussell,Taylor Russell,,
instagram,forever_stu,"Anastasiia Reznichenko - Interior digital influencer, CG artist",,
instagram,sweet.omens,Sweet Omens,,
instagram,iamcrack19,,,
instagram,fffcorp,,,
instagram,ikonick,IKONICK�?,,
instagram,off____white,Off-White�,,
instagram,nuelkillthishit,Nuel !,,
instagram,vicestrella.psd,Victor Estrella,,
instagram,yugenpictures,Yugen Pictures,,
instagram,animatedbyben,,,
instagram,seth_globepainter,seth_globepainter,,
instagram,noahedge202,Noah Edge,,
instagram,han.irl,han. <3,,
instagram,masharaymers,Maria Raymers,,
instagram,whitenoise1000,WhiteNoise,,
instagram,proximacentaurib,proxima centauri b,,
instagram,diepfris,Diepfris | Concept Design (Eelco),,
instagram,a.a.murakami,A.A.Murakami,,
instagram,3dblender_bms,3dblender_bms,,
instagram,otherworld_xx,Other World,,
instagram,inaramoi,dew,,
instagram,an_improbable_future,An Improbable Future,,
instagram,level_eighty,80 Level,,
instagram,plastekpet,pet,,
instagram,nofaithstudios,NO FAITH,,
instagram,dogeldary,Darya,,
instagram,rrandom.landd,RANDOMLAND,,
instagram,micheletorresi,Michele Torresi,,
instagram,ggrdzelishvili,Giorgi Grdzelishvili,,
instagram,victorshevchenko,VICTOR SHEVCHENKO,,
instagram,newrealm,New Realm,,
instagram,jrprivee_,Jr priv�e,,
instagram,iammoteh,Morten Lasskogen,,
instagram,filippo.ghisleri,Filippo ??,,
instagram,noahsats,Noah Saterstrom,,
instagram,ui_make_design,UI Design,,
instagram,sabinus_,"???, ???",,
instagram,artyomtogo,TOGO �,,
instagram,bon_quyquy,?????? ???? /??-??????/� /??-??????/,,
instagram,veriflyyed,Flyy,,
instagram,damongraphics,Damongraphics,,
instagram,marqueemaraudersclub,MARQUEE MARAUDERS CLUB*,,
instagram,d2r_designs,Dom,,
instagram,artistconnectapp,Artist Connect App,,
instagram,__ra.in__,Samira Ingold,,
instagram,halo_edition,Halo Edition Original,,
instagram,ai.architecture.lab,AI architecture midjourney studies,,
instagram,guido.glid,Guido Lanari,,
instagram,nev__ver,nev ver,,
instagram,shootfilmmag,SHOOT FILM,,
instagram,saint.oasis,Samet Berk,,
instagram,zunc.studio,Z�nc Studio,,
instagram,yaojadzn,Darren Yao - Art & Design,,
instagram,hiphoppheaven,Hiphop Heaven,,
instagram,designed.to.last,Designed to Last,,
instagram,fewocious,FEWOCiOUS,,
instagram,slamthings,Jon S�nchez,,
instagram,heavenagency,heaven,,
instagram,karacter3d,karacter 3d,,
instagram,madmorph,MadMorph,,
instagram,kefan404,,,
instagram,onemonarchy,ONE MONARCHY,,
instagram,vusithembekwayo,Vusi Thembekwayo,,
instagram,magica_________,Rae,,
instagram,axelvervoordt,Axel Vervoordt,,
instagram,sebderosa.exe,Sebastiano De Rosa,,
instagram,a.r.tiiist,A.R.Tist,,
instagram,oklou_,(;�?????`),,
instagram,melaniavitalee,Melania,,
instagram,maniere_usa,A Ma Mani�re,,
instagram,xr.architect,Ian Curtis,,
instagram,sparkleunicorn999,rithu,,
instagram,chillfolio,Marcel Sygula,,
instagram,_bradmead,Brad Mead,,
instagram,aleksthewizard,Aleksander Mokleiv,,
instagram,noahgoldsteinmusic,Noah Goldstein,,
instagram,nawzedesign,Nawze | Graphic Artist/Designer,,
instagram,tai.d___,tAi-D,,
instagram,revivalofwisdom,Harry B Joseph | Esoteric Author,,
instagram,ericaofanderson,Erica Anderson ?,,
instagram,kimmel_studio_architects,Kimmel Studio Architects,,
instagram,elementj21,Julian Faylona (Digital Artist),,
instagram,nonfungiblecom,Nonfungible.com,,
instagram,matanevenoff,Matan Even,,
instagram,blodheaven,heaven,,
instagram,mobilitylabs.ai,,,
instagram,tonystephenart,Tony Stephen Art,,
instagram,shotsbycolin,Colin,,
instagram,curseweb,,,
instagram,scandebergs,scandebergs,,
instagram,lenny,lenny,,
instagram,urban_remnants,Leandro Andrade,,
instagram,bilawal.ai,Bilawal Sidhu,,
instagram,filmsupply,Filmsupply,,
instagram,synccreation,Nikita Verkhozin | Hardware & Tech,,
instagram,mercerdeior,Mercer Deior,,
instagram,rpgscenery,rpgscenery,,
instagram,myriadwaveart,meryem,,
instagram,thewaveup,Waveup,,
instagram,fantasy_worldscapes,Worldscapes,,
instagram,darkhomes,Dark Homes,,
instagram,brightraven3d,Bright Raven | 3D Art,,
instagram,mothercain,?????????? ????????,,
instagram,lacabezaenlasnubes,Fran Rodr�guez - lacabezaenlasnubes,,
instagram,abstract.mag,ABSTRACT MAG,,
instagram,pablosignoret,Pablo Signoret,,
instagram,michaelvanswear,Michael Swearingen,,
instagram,4x1111,**4444**,,
instagram,ametoravintage,Ametora,,
instagram,shotsbygarrison,Garrison Hudson,,
instagram,grailed,Grailed,,
instagram,simoncarle__,Simon Carle,,
instagram,elijahwfunk,Elijah Funk,,
instagram,younessart_,????????????????,,
instagram,moncler,Moncler,,
instagram,hctr.cncpt,H-�-c-t-o-r,,
instagram,logoarchive,LogoArchive,,
instagram,japparii,Vakho Jappari,,
instagram,coolacloy,Aiden Faherty,,
instagram,sluj.art,sluj,,
instagram,madarchitects,MAD,,
instagram,the.poet.engineer,the Poet Engineer / Kat,,
instagram,forcesunseen,,,
instagram,collectifscale,Collectif Scale,,
instagram,pabloiprada,Pablo i Prada,,
instagram,exodoutdoor,EX�D�,,
instagram,fitmind,FitMind,,
instagram,team.blackcat,???????? ?????????? ??????,,
instagram,ai.daily.architecture,AI Daily Architecture,,
instagram,missrazavi,Tara Razavi,,
instagram,tonsil,tonsil�,,
instagram,jeanjacquescolangelo,Jean Jacques Colangelo,,
instagram,sai_photographer._,GOU GEMMA,,
instagram,mocapx,MocapX,,
instagram,culturalhegemony,???????????????? ????????????????,,
instagram,mattmillard3d,Matt Millard,,
instagram,axiomzenteam,Axiom Zen,,
instagram,yourdreamaccount,Saad,,
instagram,iddrissandu,????,,
instagram,notagraphicpage,,,
instagram,fujita_sho.noveldrum,???,,
instagram,ilyhook,I love you!,,
instagram,vinvintagege__,,,
instagram,quowavy,Oliver Shore,,
instagram,temu,Temu Official,,
instagram,kimi4kawai,KIMI4 KAWAI,,
instagram,beerkus,BEERKUS,,
instagram,spatial_labs,Spatial Labs,,
instagram,timdamas,Tim Damas,,
instagram,lushfoil,Matt Newell,,
instagram,psylos1_,Psylos1,,
instagram,inspacery,Inspacery,,
instagram,rbnks,Rbnks - digital paintings and motion,,
instagram,archive_matilda,matilda ?,,
instagram,chaz.wick,Chaz Bear,,
instagram,getcapchase,Capchase,,
instagram,caroline.dietl,Caroline Dietl,,
instagram,znbern,Zach Bernstein,,
instagram,yunglean2001,,,
instagram,redesign01,?????????????,,
instagram,ellsoriaa,?,,
instagram,joinfaive,Faive,,
instagram,generative.hut,Generative Hut,,
instagram,gullygangindia,GULLY GANG,,
instagram,kitbash3d,KitBash3D,,
instagram,4pet6,,,
instagram,aimeleondore,Aim� Leon Dore,,
instagram,amanda_wall,AMANDA WALL,,
instagram,mcxg_archive,merle,,
instagram,asspizza,Austin Babbitt,,
instagram,philosophaire_,Philosophaire,,
instagram,davorgromilovic,Davor Gromilovi?,,
instagram,5dock_dd,5dock,,
instagram,terminal27,,,
instagram,julip.mp3,julip ???: *?,,
instagram,bastiendausse,Bastien Dausse,,
instagram,_prspctivs,Harshdeep Arora,,
instagram,idillionairebookclub,Read Books � Be Illuminated,,
instagram,capricekayem,,,
instagram,petliger,PET LIGER,,
instagram,megagrozov,Ahriman aka Dmitry Grozov,,
instagram,daniel.esco1,Daniel,,
instagram,brookelyn.styles,BROOKELYN STYLES,,
instagram,fukyustore,Aziz????,,
instagram,sophiite,SOPHIITE,,
instagram,jatuur,jatuur,,
instagram,brynwkp,Bryan Wan,,
instagram,atonik.art,Atonik Art,,
instagram,apolloartexchange,Apollo Art Exchange,,
instagram,lourdesleon,LOLA,,
instagram,uv_zhu,UV-?,,
instagram,anthonyarquier,AA,,
instagram,gothspel,R Y A N,,
instagram,kennyhoopla,raised by wolves.,,
instagram,josepeoon,Jose Peon,,
instagram,cidrobo,Cesar Idrobo,,
instagram,bru_slee,ILIJA NIKOLI? ????? ??,,
instagram,thiagod3sign,ThiagoD3sign,,
instagram,carlesgod,Carles Garcia O�Dowd,,
instagram,cultureavenue.jpeg,AVENUE,,
instagram,thedigitalartcollector,,,
instagram,___outrageous,???????????? ????????????????,,
instagram,newglyph,newglyph,,
instagram,monaverse,Monaverse,,
instagram,glint.ai,?????,,
instagram,fkxmedia,FKXMEDIA,,
instagram,artneversleeps,Art Never Sleeps,,
instagram,c.meyong_,Cathy,,
instagram,thedholes,Thed Holes,,
instagram,alyxstudio,1017 ALYX 9SM,,
instagram,grace.robinson___,Grace Robinson,,
instagram,uptwn,Julius,,
instagram,andrewrousso,Andrew Rousso,,
instagram,grungy_frog,GF,,
instagram,designboom,designboom magazine,,
instagram,kilianschoenberger,Kilian Sch�nberger,,
instagram,bengeskin,Ben Geskin,,
instagram,7amcreations,7am,,
instagram,ui.interceptor,????   ??????????????????????,,
instagram,the.pinklemonade,The Pink Lemonade,,
instagram,screw1_,Lucas de Oliveira,,
instagram,sturdy.exchange,STURDY.EXCHANGE | WEB3 x MUSIC x ENTERTAINMENT,,
instagram,anglzblood,?? ISEEANGLZ ??,,
instagram,ma_3d_design,Art is You,,
instagram,swiss.beautifuls,Marco Marques???? | swiss.beautifuls,,
instagram,muraihiro,Hiro Murai,,
instagram,mcuevas27art,Michael Cuevas,,
instagram,dylangelula,,,
instagram,stuartlangfield,Stuart Langfield,,
instagram,meet_odyssey,Odyssey,,
instagram,alastairmadeit,alastair ?,,
instagram,xeocho,Xe,,
instagram,menitrust,Men I Trust,,
instagram,nous_mgmt,nous mgmt,,
instagram,nous_mgmt,nous mgmt,,
instagram,julidi.888,Julieth Diaz,,
instagram,yeglobe,????? ?? ?? ??,,
instagram,detroit__paris,Detroit � AI Production House,,
instagram,gentlemonster_optical,Gentlemonster_optical,,
instagram,auster.network,auster,,
instagram,kurrco.xyz,Kurrco � Hip-Hop/Music Updates,,
instagram,donvoitier,Guapo,,
instagram,islam_makhachev,Islam_Makhachev,,
instagram,kotaro_nukaga,KOTARO NUKAGA,,
instagram,midjourney.architect,midjourney architect,,
instagram,straytukay,CAL,,
instagram,clarry8erry,Clarry Berry-.-,,
instagram,nikanorchepil,nikanorchepil,,
instagram,spooky__woods,spooky woods,,
instagram,vibecodeapp,Vibecode.dev,,
instagram,move_ai_,Move AI,,
instagram,richardkernstudio,Richard Kern,,
instagram,illgoodx_,ILLUSTRATION GOD EXCELLENT! ??,,
instagram,iliatopuria,Ilia Topuria,,
instagram,driptech.studio,DripTech Studio,,
instagram,yangchenyu01,MOF,,
instagram,jiyadmohammed,Jiyad Mohammed,,
instagram,cattyum,cattyum 3D,,
instagram,diffusion_architecture,Ai & Architecture,,
instagram,chieffkeeffsossa,Chief Keef,,
instagram,nothin.last4ever,nothing lasts 4ever,,
instagram,snowstrippers,Snow Strippers,,
instagram,commeconception,Commeconception,,
instagram,clairo,,,
instagram,profit.originals,??????????????,,
instagram,p3ezy,pz????,,
instagram,cmfourfive,fourfive,,
instagram,elleadorediamant,diamond*,,
instagram,crimson.m.o.o.n,Moon ??,,
instagram,alexalm1ghty,,,
instagram,lil_triggamatic,Lil� Matic ???????????,,
instagram,angelinacensori,ANGEL,,
instagram,3seater,3seater,,
instagram,ishowspeed,IShowSpeed,,
instagram,simonraion,Simon Lavi,,
instagram,hatekels,,,
instagram,decollectible,Decollectible,,
instagram,ai2you2,AESTHETIC AI TESTS in a neverending loop,,
instagram,shadrinsky,Yulya Shadrinsky,,
instagram,al_jerek,AL,,
instagram,archgini,ArchGini,,
instagram,montreality,montreality,,
instagram,jenaissante,HUH YUNJIN,,
instagram,raskolica,raskolica,,
instagram,weiraen,weir�n,,
instagram,brianmoncada,?????????? ?????????????? ??,,
instagram,gla55head,GL?55H??D�,,
instagram,0xtjo,tjo,,
instagram,oliwabiu,Oliwa,,
instagram,lxrdverse,LxrdVerse,,
instagram,humanmade,?????????? ???????? ??????.,,
instagram,ninamariedaniele,NINA DRAMA,,
instagram,mmyhala,Myha�la,,
instagram,evolving.ai,Evolving AI,,
instagram,ourex_,Our:ex,,
instagram,weyzclothing,WEYZ,,
instagram,theufcbaddy,Paddy THE BADDY Pimblett,,
instagram,jtcloutier_,JT Cloutier | AI Content Educator,,
instagram,codespring.app,Codespring,,
instagram,strikeanywhere_vintage,Strike Anywhere,,
instagram,venicew,VeniceW ??????????????,,
instagram,danjdickman,Daniel Joseph,,
instagram,apa.aesthetic,Apa Aesthetic,,
instagram,kissfacility,kiss facility,,
instagram,digital_archive,Digital Archive,,
instagram,natediaz209,Nate Diaz,,
instagram,niklas.bildstein.zaar,Nicke Bildstein Zaar,,
instagram,phtmne,,,
instagram,kimpetras,kim petras,,
instagram,babyosamaaaaaaaaaaaa,BABY OSAMAA,,
instagram,____t_a_t_a___,tata,,
instagram,marierohanaa,RMS,,
instagram,chappellroan,??: *? Chappell Roan ?*:??,,
instagram,demna,Demna,,
instagram,maxisland.art,Maxime Desmettre,,
instagram,driewgarments,????????,,
instagram,dianydior,DIOR ??,,
instagram,yuhokamo,BADBOY,,
instagram,criticalplayground,Critical Playground,,
instagram,amdvisuals,Ari Mairena-Dannon,,
instagram,shinyakozuka,SHINYAKOZUKA,,
instagram,joonmoe,joonmoe,,
instagram,flawlessaicom,Flawless AI,,
instagram,joediver.co,JOE DIVER,,
instagram,doopiidoo,,,
instagram,xiuxiukong,???,,
instagram,paloceras,Paloceras�,,
instagram,424inc,424,,
instagram,designedbynolan,nolan wall,,
instagram,ufc,UFC,,
instagram,tuyo.art,david schmitt | tuyo,,
instagram,midnight_mortuary,???????? ???? ?????? ?????????? ??,,
instagram,hysterical_melancholy,Cyber-Trash,,
instagram,vizcom_,,,
instagram,doopiidoo,,,
instagram,xiuxiukong,???,,
instagram,paloceras,Paloceras�,,
instagram,designedbynolan,nolan wall,,
instagram,tuyo.art,david schmitt | tuyo,,
instagram,midnight_mortuary,???????? ???? ?????? ?????????? ??,,
instagram,hysterical_melancholy,Cyber-Trash,,
instagram,vizcom_,,,
instagram,bbbbbbbbbic,bic,,
instagram,monde_singulier,Monde Singulier,,
instagram,thenotoriousmma,Conor McGregor Official,,
instagram,arca1000000,Arca,,
instagram,gentlemonster,GENTLE MONSTER,,
instagram,muff_is_hot,Riccardo Bettazzoni,,
instagram,f5ve_official,f5ve,,
instagram,june.jolie,June Jolie,,
instagram,sloucho,Sloucho,,
instagram,nibera_visuals,NIBERA VISUALS ART & DESIGN,,
instagram,brawhaus,Braw Haus : Creative Tech Thinkers & Digital Talent Agency,,
instagram,midcenturyla,MIDCENTURYLA,,
instagram,albertoessesi,Alberto Essesi,,
instagram,sexisdeath,SEX           IS         DEATH,,
instagram,gunna,?WUNNA???????,,
instagram,lyricalemonade,Lyrical Lemonade,,
instagram,camrynfisheerr,camryn fisher,,
instagram,esenes.ww,??ESENES WORLDWIDE??,,
instagram,garancevallee,?????????????? ???????????? ????????????????????,,
instagram,twofold_la,TWO FOLD,,
instagram,yeezyxgap,YEEZY GAP ARCHIVE,,
instagram,mertra,MERTRA,,
instagram,splinetool,Spline Design,,
instagram,chromeheartsofficial,Chrome Hearts,,
instagram,cmpunk,CM Punk,,
instagram,designteamofone,,,
instagram,archived,Archived,,
instagram,controller,Controller,,
instagram,fersetid_,FersetiD,,
instagram,realrileybrown,Riley Brown,,
instagram,archfiendco,Abel Emmanuel,,
instagram,thirteendegrees,Ghetto hipster,,
instagram,op_e___n,Open,,
instagram,noahsocold,noah,,
instagram,dasyori,Liam Sean Yori,,
instagram,junyawatanabeworld,Junya Watanabe World,,
instagram,sinclairglobal,Sinclair,,
instagram,khamzat_chimaev,Khamzat Chimaev,,
instagram,iaaaaaaaaaaannnnnnnn,ian,,
instagram,cloudcampaign,Cloud Campaign - Social Media Management Software,,
instagram,irisluzzzz,Iris Luz,,
instagram,bondo.studio,BONDO STUDIO,,
instagram,welcome.jpeg,welcome,,
instagram,drbolick,drbolick,,
instagram,danielallanmusic,Daniel,,
instagram,learnopenclaw,Learn Openclaw | AI Agents,,
instagram,cathyanne_mac_allister,Cathyanne Mac Allister,,
instagram,superrrdani,Dani Levi,,
instagram,edreika,Edvinas Reika,,
instagram,deoron,DEORON,,
instagram,alexvolkanovski,Alexander Volkanovski,,
instagram,dinaayada,Dina Ayada,,
instagram,aidanzamiri,Aidan Zamiri,,
instagram,evanora.unlimited,Evanora:Unlimited,,
instagram,dazed,Dazed,,
instagram,mchlaskew,MICHAEL ASKEW,,
instagram,geocitiesmemory,GeoCities Memory,,
instagram,bravest,Bravest Studios New York,,
instagram,smeccea,smeccea,,
instagram,mu_lean,mu lean,,
instagram,bernache__,Emma,,
instagram,holottacheese,CHEESE,,
instagram,blender.official,Blender ??,,
instagram,archdaily,Architecture ??,,
instagram,222juliet,Juliet Charlotte,,
instagram,opalapp,Opal�? - The Focus Company,,
instagram,wolfofwallst,Jordan Belfort,,
instagram,supremenewyork,Supreme,,
instagram,killlvrboy,kill�lvrboy,,
instagram,safehaven_hq,?????????????????? ?,,
instagram,loukeman,Luke,,
instagram,hollyhoodhaleyj,HollyHood Haley J ??,,
instagram,indiana420bitch,Indiana,,
instagram,yamepi_01,YAMEPI�?,,
instagram,librarymindset,Library Mindset,,
instagram,shavkatrakhmonov94,Shavkat Rakhmonov,,
instagram,eighty_level,80 Level,,
instagram,lisajarvis_stylist,LISA JARVIS,,
instagram,minorplanetny,Minor Planet New York,,
instagram,papermagazine,Paper Magazine,,
instagram,th32nd,,,
instagram,charli_xcx,Charli,,
instagram,lucindalevant,,,
instagram,marjana.mariana,Marjana,,
instagram,n3onsingh,N3on,,
instagram,hidden.ny,HIDDEN�,,
instagram,nickjaykdesign,Nick Kempton,,
instagram,viralpopculture,Viral Pop,,
instagram,ai.archviz,A.I.  archviz,,
instagram,ycombinator,Y Combinator,,
instagram,artifaxing,artifax,,
instagram,aaronfdesign,Aaron Fahy,,
instagram,cerclemusic,Cercle,,
instagram,willychavarria,WILLY CHAVARRIA,,
instagram,i_d,i-D,,
instagram,kimmoondog,?????????,,
instagram,stephengibbart,Stephen Gibb,,
instagram,juliannn_song,Julian Song,,
instagram,latexspacebabes,Space Babes In Latex,,
instagram,21savage,,,
instagram,rioleyva,rio leyva,,
instagram,earlystartupdays,Early Startup Days,,
instagram,undercoverbananaandspacemonkey,UBASM,,
instagram,marcin.rubinkowski,Rubinkowski | Concept Artist,,
instagram,fearofgod,FEAR OF GOD,,
instagram,evilgiane,,,
instagram,jordan_hemingway,Jordan Hemingway,,
instagram,davidweeksnyc,davidweeksnyc,,
instagram,marilynmanson,Marilyn Manson,,
instagram,hoodfinch,David Finch,,
instagram,boilerroomtv,Boiler Room,,
instagram,sheldricktrust,Sheldrick Wildlife Trust,,
instagram,benjaminbenichoustudio,Benjamin Benichou,,
instagram,rhude,R H U D E Designs,,
instagram,touchdesigner,TouchDesigner,,
instagram,daniellamidenge,STUDIO DANIELLA MIDENGE,,
instagram,artificialfever,,,
instagram,paradoxeparis,PARADOXE�,,
instagram,putmeon,put me on ??,,
instagram,dazed,Dazed,,
instagram,edwins.online,edwin,,
instagram,reenostus,,,
instagram,cazziedavid,Cazzie David,,
instagram,lxeewon,KW,,
instagram,gq,GQ,,
instagram,a24,A24,,
instagram,unyverses,Afrime Studios,,
instagram,deitycreativeinc,DEITY CREATIVE INC,,
instagram,digitalstylehouse,Digital Marketing Agency,,
instagram,robbkenon,Robb,,
instagram,hunidesignofficial,HUNI�,,
instagram,everybodyhatesuki,suki,,
instagram,youthoodbrand,YOU?HOOD,,
instagram,one.interior.mag,One Interior Magazine,,
instagram,yefanatics,YEFANATICS,,
instagram,sci_fi_ai,Sci-Fi AI - Harvey Brown,,
instagram,denimtears,Denim Tears,,
instagram,viralpopculture,Viral Pop,,
instagram,edreika,Edvinas Reika,,
instagram,macbaconai,Mac Baconai,,
instagram,cameupinthedrought,Drought,,
instagram,getarealjobkid,GARJK,,
instagram,brain_racked,Ryan McCoy | Sci-fi Ai art,,
instagram,cyborgteaparty,Cyborg Tea Party,,
instagram,5fulcrum,Fulcrum,,
instagram,outrunyouth,Victor,,
instagram,paintingsince2000,paintingsince2000,,
instagram,actual_source,ACTUAL SOURCE books,,
instagram,bowedtie,Benny Safdie,,
instagram,msjtyson,msjtyson,,
instagram,paperkitexcs,PaperKite,,
instagram,cinesomnia,C I N E S O M N I A,,
instagram,gothonline,goth,,
instagram,vojtek_morsztyn,Vojtek Morsztyn,,
instagram,unrealengine,Unreal Engine,,
instagram,_the.curated,The Curated,,
instagram,xxvnii,XVNI,,
instagram,bornxraised,bornxraised,,
instagram,vvaulted,VV,,
instagram,befernandezart,BE FERNANDEZ | Blanca,,
instagram,archiveforfashion,Archive for Fashion,,
instagram,tiacorine,TiaCorine,,
instagram,getcaptionsapp,"Captions, by Mirage",,
instagram,endevour___,endevour,,
instagram,mmajunkie,MMA Junkie,,
instagram,bktherula,Lucy,,
instagram,radababyy,? rawrdarrr ?,,
instagram,jorjiana219,Jorjiana,,
instagram,ch111oe,chloe spence,,
instagram,one.chanelly,CHANELLY?????,,
instagram,crvdae,,,
instagram,animeaestheticera,90s Anime Aesthetic ??,,
instagram,hauserwirth,Hauser & Wirth - Art Gallery,,
instagram,yorisport,,,
instagram,rosemariejohansen,R??????M???J???????,,
instagram,al_sahiim,Al Sahim,,
instagram,hanumankind,hanumankind,,
instagram,porolispecialboats,Poroli Special Boats,,
instagram,lisamchlik,Lisa Michalik,,
instagram,kidsuper,KidSuper,,
instagram,bondo.creative,BONDO | DIGITAL WORLD,,
instagram,novanoxone,Daniel,,
instagram,belizekazi,Bb trickz,,
instagram,theblackgirlgamers,Black Girl Gamers,,
instagram,carolineplz,Caroline Polachek,,
instagram,scccccry,Wei,,
instagram,wonderland,Wonderland,,
instagram,brittle,britt lower,,
instagram,6footstranger,Hannah Rose Stewart,,
instagram,designedbynolan,nolan wall,,
instagram,joooo.ann,Joann | AI Studio,,
instagram,photontide,Photon Tide,,
instagram,_by.alexander,_by.A,,
instagram,vikramkansara,Vikram Alexei Kansara,,
instagram,paintingsince2000,paintingsince2000,,
instagram,youthoodbrand,YOU?HOOD,,
instagram,fritzflat,FRITZ | Interior Design | Renovating my new flat,,
instagram,maxhayart,Max Hay,,
instagram,stfeyes,Sean Foley,,
instagram,paulkooiker,PAUL KOOIKER,,
instagram,hellopersonality,Personality,,
instagram,im_ericwang,Eric Wang,,
instagram,arcx1000,arc-x????,,
instagram,tga_official,TAIGA,,
instagram,betsyjohnson_,Betsy Johnson,,
instagram,cinesomnia,C I N E S O M N I A,,
instagram,lalamichmich,Michele Lamy,,
instagram,jorjasmith_,Jorja Smith,,
instagram,dj_dave____,DJ_Dave,,
instagram,aplasticplant,??,,
instagram,perappelgrenstudio,PER APPELGREN PHOTO,,
instagram,heyitsdaydreamers,daydreamers,,
instagram,blackhaus_studio,Blackhaus,,
instagram,person918x,918,,
instagram,bipolarexplained,Mental Health | Bipolar Advocate ??,,
instagram,jkboart,JK,,
instagram,zackkravits,Zack Kravits,,
instagram,eiji05paint,?? ??  EIJI MIWA,,
instagram,avirex_us,AVIREX,,
instagram,stupidgiant,Alejandro Castellanos,,
instagram,cultureofhouse,Culture of House,,
instagram,ifoundheressencerare,IFHER I I Found Her Essence Rare,,
instagram,___y4__,Yutaka Someya,,
instagram,alyciabella,MUSE,,
instagram,paristexas,33.6609� N 95.5555� W,,
instagram,universolynch,Universo David Lynch,,
instagram,adoxlf,Adolf Vatnikaj,,
instagram,sadboi,SadBoi,,
instagram,jamesturell,James Turrell,,
instagram,colebennett,Cole Bennett,,
instagram,xxvnii,XVNI,,
instagram,adriaarjona,Adria Arjona,,
instagram,belowsubconscious,,,
instagram,slowdowndrygoods,Slowdown Dry Goods (The Slowdown Shop),,
instagram,cashcobain_2x,Dada Man,,
instagram,befernandezart,BE FERNANDEZ | Blanca,,
instagram,vojtek_morsztyn,Vojtek Morsztyn,,
instagram,julienajarry,JULIEN JARRY,,
instagram,oldirtyyy,�LDIRTY,,
instagram,jonsoriginals,jon purcell,,
instagram,hallietut,H A L L I E   T U T,,
instagram,the_creature_verse,The_creature_Verse,,
instagram,forbiddenkn0wledge,"Pierre-Louis Auvray, False Prophet",,
instagram,brittle,britt lower,,
instagram,ozbren.xyz,OZBREN,,
instagram,design.document,DD ??,,
instagram,wemby,Victor Wembanyama ????,,
instagram,designteamofone,,,
instagram,tiacorine,TiaCorine,,
instagram,hanumankind,hanumankind,,
instagram,aoyama_design_forum,ADF ????????????????????NPO?????????????,,
instagram,shudu.gram,Shudu,,
instagram,mowalola,Mowalola,,
instagram,nicolasuribeb,Nicolas Uribe,,
instagram,moses.xa,,,
instagram,silicagraphics,????????????,,
instagram,minorplanetny,Minor Planet New York,,
instagram,candelacapitan,Candela Capit�n,,
instagram,naomirosenblum.art,Naomi Rosenblum,,
instagram,adultswim,[adult swim],,
instagram,zuck,Mark Zuckerberg,,
instagram,clim_studio,Clim Studio,,
instagram,digitalnas,DIGITAL NAS V2,,
instagram,wakeupf1lthy,,,
instagram,heisrema,REMA,,
instagram,nazarinveronica,Nazarin Veronica ????,,
instagram,wonderland,Wonderland,,
instagram,nubian_tokyo,NUBIAN,,
instagram,rikiprosper,Riki Prosper,,
instagram,kimmoondog,?????????,,
instagram,melanie_ramon,melanie+ramon,,
instagram,geometrieva,Geo,,
instagram,str4ngething,Str4ngeThing,,
instagram,worldvtg,WORLD VINTAGE,,
instagram,itsthedare,the dare,,
instagram,malika.elmaslouhi,MALIKA,,
instagram,cosmlosangelesca,Cosm Los Angeles,,
instagram,mvzfx,,,
instagram,ovcharkart,????????????????????,,
instagram,mona_thomas,,,
instagram,marca.stu,Graphic Design Studio,,
instagram,rizzolibooks,Rizzoli Publications,,
instagram,holyweek,Christian Velasquez,,
instagram,itsnicethat,It's Nice That,,
instagram,mcsnowhammer,Mattias Hammar,,
instagram,muralfestival,MURAL Festival,,
instagram,pulpdesigns,Pulp Design Studios� | Interior Design | Dallas � Seattle � LA,,
instagram,mariahthescientist,Mariah ?? Science,,
instagram,arcami.co,Arcami,,
instagram,arturotedeschi,Arturo Tedeschi,,
instagram,oxygn__,Oxy (???),,
instagram,sava.schultz,Sava Schultz ?,,
instagram,jamesjeanart,James Jean,,
instagram,yiskid_,jesus,,
instagram,zeel_freel,�amonn Zeel Freel,,
instagram,pixrate_,Pixrate,,
instagram,cockpitsandboobytraps,TW Stout,,
instagram,nolabelsnecessary,No Labels Necessary,,
instagram,drewfromladue,andrew maddock,,
instagram,aidesign.png,Elmo Mistiaen,,
instagram,rosemariejohansen,R??????M???J???????,,
instagram,parametric.architecture,Parametric Architecture,,
instagram,georgekeburia,???????,,
instagram,archillect,Archillect,,
instagram,opusdesignstudios,OPUS Studios,,
instagram,mariahthescientist,Mariah ?? Science,,
instagram,guvmanian,Lee Mosely,,
instagram,puxxoo,puxxo,,
instagram,crownsandowls,crowns & owls,,
instagram,xxvnii,XVNI,,
instagram,studioshibuya,Studio Shibuya ??????,,
instagram,zia_tile,Zia Tile,,
instagram,renshawjay,Jay Renshaw,,
instagram,k.sasai_paintings,Kouta Sasai,,
instagram,gaijinisntphysical,P���-��I,,
instagram,zahahadidarchitects,Zaha Hadid Architects,,
instagram,treaclychild,Rachel Anne Sennott,,
instagram,greg.adamski,GREG ADAMSKI,,
instagram,undercoverosh,Osh �??,,
instagram,louisvuitton,Louis Vuitton,,
instagram,redbarradio,Mike from Red Bar,,
instagram,jameswajura,James Wajura,,
instagram,befernandezart,BE FERNANDEZ | Blanca,,
instagram,journee.live,Journee,,
instagram,redfflame,RED ???????<3,,
instagram,factoryzine,Factory Magazine,,
instagram,dcthedon,Daij,,
instagram,bakumae,???,,
instagram,johnmonopoly,John Monopoly,,
instagram,dev_lemons,Dev Lemons,,
instagram,032c,Joerg Koch / 032c,,
instagram,the_mjf,Maxwell Friedman,,
instagram,thedizzyviper,Dizzy Viper,,
instagram,wixstudio,Wix Studio | For Web Creators,,
instagram,danielarsham,Daniel Arsham,,
instagram,sabrinaclaudio,,,
instagram,hansloreidesign,Hans Lorei Design,,
instagram,wearebirdeye,Birdeye,,
instagram,yukichiba_,????,,
instagram,lifeissoyeezy,,,
instagram,extremeofficial,UNREEL,,
instagram,teezotouchdown,TONY TOUCHDOWN??,,
instagram,sushiandbaklava,Valeria Chrampani,,
instagram,tate.archive,:tate,,
instagram,kennymason,KENNY MASON,,
instagram,marni,Marni,,
instagram,akila.la,AKILA� Eyewear,,
instagram,mun15h,aryaman munish,,
instagram,alaiganuza,Alai Ganuza?,,
instagram,ushikima,Masanori Ushiki,,
instagram,hydra_v0id,Hydra Void,,
instagram,domcorleo,,,
instagram,aedas_architects,Aedas Architects,,
instagram,praktika.branding,Praktika,,
instagram,blackhaine,Blackhaine,,
instagram,sixnfive.lab,Six N. Five Lab,,
instagram,get_it_studio,Get it studio,,
instagram,self.grphc,SELF.GRPHC,,
instagram,thecinegogue,The Cinegogue,,
instagram,setupsai,Tony Chen,,
instagram,bigbabygucci,*DOPAMINE,,
instagram,_justbryce,BJ,,
instagram,sukiibaby,Sukii Baby,,
instagram,torre.pentel,Alejandro Torrecilla,,
instagram,takashipom,Takashi Murakami,,
instagram,alextrescool,Alex Dob�,,
instagram,itsnicethat,It's Nice That,,
instagram,designmilk,Design Milk,,
instagram,film.wave,film.wave,,
instagram,wmbrownproject,Matt Hranek,,
instagram,nickthomm,NICK THOMM,,
instagram,arkangel,ARKANGEL,,
instagram,cultured_mag,CULTURED MAGAZINE,,
instagram,persistence.of.cinema,Persistence Of Cinema,,
instagram,reframe_app,Reframe App,,
instagram,gunnerstahl.us,,,
instagram,kkmmmkk,?????????,,
instagram,badxstudio,Bad Decisions Studio,,
instagram,sa.m.co,Sarah Mayer,,
instagram,lukewhodidit,Luke�s,,
instagram,deeptechminimal,Deep Tech Minimal,,
instagram,cole,Jeff Cole,,
instagram,deanjfhoy,bears who care,,
instagram,callum_pidgeon,Callum Pidgeon,,
instagram,nebulae.cr,"Nebulae Airbnb | Yoga, Art & Music Center",,
instagram,bam__margera,BAM,,
instagram,denumvintage,,,
instagram,adamfriedland,Adam Friedland,,
instagram,gabrielxavery,Gabriel,,
instagram,4karri,karri,,
instagram,coopahtroopa,Cooper Turley,,
instagram,yota_tasaki,?? ??/Yota Tasaki,,
instagram,yvetteyoung,Yvette Young,,
instagram,jackmcv.art,,,
instagram,mitchmodes,,,
instagram,klayaut,Yaut,,
instagram,ayakuraoka,AYA,,
instagram,vitali_gelwich,Vitali Gelwich,,
instagram,sahbabii,�,,
instagram,disneyprince,Karalang,,
instagram,eccopn,Daniel Lopatin,,
instagram,thisiscraves,Craves,,
instagram,newmansa94,"Joaquin ""New Mansa"" Buckley",,
instagram,jae2oon,Jaejoon,,
instagram,wearelumii,Lum�,,
instagram,dirtcastle,Eric Nord,,
instagram,yungflowergun,flowergun??,,
instagram,wmbrownproject,Matt Hranek,,
instagram,phamuelphoto,PHAMUEL,,
instagram,thefabstory,The Fabulous App,,
instagram,jgauthier_art,Julien Gauthier,,
instagram,avaraellorie,avara,,
instagram,eli1ah,Elijah,,
instagram,bellininautica,Bellini Nautica,,
instagram,estetica.cn,Estetica ??,,
instagram,retroscifiart,Mariano Arrigo � Argentine curator ?????????,,
instagram,aesthetic80sdream,aesthetic80sdream,,
instagram,ralston.architects,Ralston Architects,,
instagram,theuglygram,J Hus,,
instagram,michael_cutini,Michael Cutini,,
instagram,madabouteug,Eugene Kotlyarenko,,
instagram,metaneon_,METANEON,,
instagram,chrometype,?????????? ?,,
instagram,shelovesmeechie,Denzel Meechie,,
instagram,nenghuo,N3NGHUO kai,,
instagram,tokymegz,christopher rutledge,,
instagram,meenmeen_0,??,,
instagram,partynextdoor,PARTYNEXTDOOR,,
instagram,thisisquails,QUAILS,,
instagram,gtvhoops,GTV HOOPS,,
instagram,babygotbackhead,Alex Alvarado,,
instagram,morphingx,MORPHINGX,,
instagram,shaneboyer_,Shane Boyer,,
instagram,delpy.julie,Julie Delpy,,
instagram,majestic_future,Majestic Future,,
instagram,illusorybeauty,Marika D�Auteuil,,
instagram,simonberg1977,Simon Berg,,
instagram,defacedstudio,Defaced,,
instagram,swissaround,Markus Manfredi | Swissaround ????,,
instagram,j_self,Jack Self,,
instagram,refikanadol,Refik Anadol,,
instagram,george_tyebcho,George Tyebcho,,
instagram,schimgame,SCHiM,,
instagram,merkules,Merkules,,
instagram,zayshimkin,Zay,,
instagram,jyvisions_led_display,JYVISIONS LED Display,,
instagram,unifiedgoods,Unified Goods Ltd.,,
instagram,junhanchin,Junhan | The Epiphanist,,
instagram,neonrated,NEON,,
instagram,jaccthedog,,,
instagram,deadhead,??????,,
instagram,eduard_ov,,,
instagram,freddiewahter,,,
instagram,colourfulmula,Colourful mula,,
instagram,lacelessdesign,Laceless Design,,
instagram,ni.q,,,
instagram,axelvervoordt_co,Axel Vervoordt Company,,
instagram,yassirdesigns,Yassir Abidy � Graphic Designer,,
instagram,pieterpeulen,Pieter Peulen,,
instagram,darrentill2.0,Darren Till,,
instagram,magdiellop,Magdiel Lopez,,
instagram,onlyclassy,OC �,,
instagram,jgcruz3d,Juan Cruz,,
instagram,yugxl,?????????? ??????????????,,
instagram,jynsmoke.std,DESIGN FOR SALE! JYNSMOKE STUDIO,,
instagram,tara.kudale,Tara Kudale,,
instagram,underlindesnes,Under,,
instagram,dillondanis,,,
instagram,our_art_tokyo,Wearable Art / ????? | OUR ART,,
instagram,vory,VORY.,,
instagram,skysthelimitorg,LaunchPad for Entrepreneurs,,
instagram,plutopiaworld,Plutopia,,
instagram,architects_need,Art & Architecture,,
instagram,landon_khiry,Landon Khiry,,
instagram,leonardosimoncini,Leonardo,,
instagram,griflan,,,
instagram,dingyun_zhang,Ding,,
instagram,craigflemingphoto,Craig Fleming,,
instagram,retro_scifiarts,Retro Sci-Fi Arts,,
instagram,jeronbraxton,JERON BRAXTON,,
instagram,totalemotionalawareness,,,
instagram,oliverelkhatib,Oliver El-Khatib,,
instagram,whathappenedtogod,,,
instagram,benjibluebills,TWINJAMIN BANKLIN ?,,
instagram,moranofilippo,Filippo P M di Custoza,,
instagram,larryjackson,Larry Jackson,,
instagram,thebesttoothgemdesigns,The Best Tooth Gem Designs,,
instagram,gastt_fashion,gastt Fashion,,
instagram,rayan_atb,Rayan ATB,,
instagram,classiccarvoyage,Classic Car Voyage,,
instagram,noah_pharrell,Noah Pharrell,,
instagram,ambush_official,AMBUSH�,,
instagram,katsukokoiso.ai,Katsukokoiso | AI visual artist,,
instagram,levelshoes,Level Shoes,,
instagram,offrecordsounds,Off Record Sounds,,
instagram,oliverelkhatib,Oliver El-Khatib,,
instagram,filet_minion_thong,Anna Uddenberg,,
instagram,jas,Jas Davis,,
instagram,i.am_kayboogie,Boogie man???????,,
instagram,elirusselllinnetz,Eli Russell Linnetz,,
instagram,lu323n,eze,,
instagram,veryveig,,,
instagram,parsonspeopleart,Parsons People,,
instagram,plum_trash,Ian Adjeidu,,
instagram,airbazoo,Shahbaz Sheikh,,
instagram,ojivolta,ojivolta00,,
instagram,constantinartist,CONSTANTIN Prozorov,,
instagram,rakitecht,rakitecht,,
instagram,visualspirits,Visual Spirits,,
instagram,damonxart,Hsieh chen lin,,
instagram,noah_pharrell,Noah Pharrell,,
instagram,ksawerykomputery,Ksawery Komputery,,
instagram,luis.kav,Luis Kav,,
instagram,yvetteyoung,Yvette Young,,
instagram,ruckingfotten,rucking fotten�,,
instagram,jackmcv.art,,,
instagram,mitchmodes,,,
instagram,klayaut,Yaut,,
instagram,ayakuraoka,AYA,,
instagram,sahbabii,�,,
instagram,disneyprince,Karalang,,
instagram,thisiscraves,Craves,,
instagram,newmansa94,"Joaquin ""New Mansa"" Buckley",,
instagram,jae2oon,Jaejoon,,
instagram,anyma,Anyma,,
instagram,wearelumii,Lum�,,
instagram,yungflowergun,flowergun??,,
instagram,thefabstory,The Fabulous App,,
instagram,eccopn,Daniel Lopatin,,
instagram,longoland,,,
instagram,starseedone,Starseed One,,
instagram,kbar.design,Alex Khabbazi (Kbar),,
instagram,avaraellorie,avara,,
instagram,eli1ah,Elijah,,
instagram,claudehome,CLAUDE HOME,,
instagram,ejstephenss,DJ EJ ????,,
instagram,shelovesmeechie,Denzel Meechie,,
instagram,retroscifiart,Mariano Arrigo � Argentine curator ?????????,,
instagram,instories.app,Instories: Insta Video Editor,,
instagram,aesthetic80sdream,aesthetic80sdream,,
instagram,ralston.architects,Ralston Architects,,
instagram,theuglygram,J Hus,,
instagram,jgauthier_art,Julien Gauthier,,
instagram,michael_cutini,Michael Cutini,,
instagram,bellininautica,Bellini Nautica,,
instagram,mariam_nakani,MARIKUNA NAKANI,,
instagram,chrometype,?????????? ?,,
instagram,valmont_riviera,??????? ???????,,
instagram,eugeniafirs,Eugenia Firsova,,
instagram,riccardotisci17,Riccardo Tisci,,
instagram,thisischitra,CHITRA,,
instagram,nenghuo,N3NGHUO kai,,
instagram,nicoladelorme,NICOLA DELORME,,
instagram,alexademie,,,
instagram,tokymegz,christopher rutledge,,
instagram,meenmeen_0,??,,
instagram,hellocurtx,?????,,
instagram,estetica.cn,Estetica ??,,
instagram,thisisquails,QUAILS,,
instagram,kollwitzartacademy,K�the Kollwitz Art Academy,,
instagram,gtvhoops,GTV HOOPS,,
instagram,madabouteug,Eugene Kotlyarenko,,
instagram,babygotbackhead,Alex Alvarado,,
instagram,partynextdoor,PARTYNEXTDOOR,,
instagram,morphingx,MORPHINGX,,
instagram,reuel.dsgn,Reuel | Graphic Designer,,
instagram,yugxl,?????????? ??????????????,,
instagram,shaneboyer_,Shane Boyer,,
instagram,merkules,Merkules,,
instagram,delpy.julie,Julie Delpy,,
instagram,majestic_future,Majestic Future,,
instagram,illusorybeauty,Marika D�Auteuil,,
instagram,annakhachiyan,Anna Khachiyan,,
instagram,simonberg1977,Simon Berg,,
instagram,sweetcian,Cian Moore,,
instagram,defacedstudio,Defaced,,
instagram,swissaround,Markus Manfredi | Swissaround ????,,
instagram,j_self,Jack Self,,
instagram,refikanadol,Refik Anadol,,
instagram,virgilabloh,,,
instagram,teenageengineering,teenage engineering,,
instagram,brickworksbp,Brickworks Building Products,,
instagram,siyad_abdali,Siyad Ali,,
instagram,george_tyebcho,George Tyebcho,,
instagram,schimgame,SCHiM,,
instagram,zayshimkin,Zay,,
instagram,jyvisions_led_display,JYVISIONS LED Display,,
instagram,metaneon_,METANEON,,
instagram,unifiedgoods,Unified Goods Ltd.,,
instagram,classiccarvoyage,Classic Car Voyage,,
instagram,lyricsborn,AKA Sticky Rice,,
instagram,junhanchin,Junhan | The Epiphanist,,
instagram,starseedone,Starseed One,,
instagram,amio_mon,Ivana,,
instagram,schimgame,SCHiM,,
instagram,merkules,Merkules,,
instagram,zayshimkin,Zay,,
instagram,jyvisions_led_display,JYVISIONS LED Display,,
instagram,unifiedgoods,Unified Goods Ltd.,,
instagram,jgauthier_art,Julien Gauthier,,
instagram,junhanchin,Junhan | The Epiphanist,,
instagram,japan_walker_,Japan Walker,,
instagram,jaccthedog,,,
instagram,deadhead,??????,,
instagram,annateszler,TEZA ?,,
instagram,yammytommy,Tommy,,
instagram,hellocurtx,?????,,
instagram,freddiewahter,,,
instagram,colourfulmula,Colourful mula,,
instagram,lacelessdesign,Laceless Design,,
instagram,axelvervoordt_co,Axel Vervoordt Company,,
instagram,ni.q,,,
instagram,yassirdesigns,Yassir Abidy � Graphic Designer,,
instagram,quentin.deronzier,Quentin Deronzier,,
instagram,pieterpeulen,Pieter Peulen,,
instagram,kidstudio_,Kid. Studio,,
instagram,darrentill2.0,Darren Till,,
instagram,achvs_mateii,Archives.Mateii,,
instagram,magdiellop,Magdiel Lopez,,
instagram,onlyclassy,OC �,,
instagram,jgcruz3d,Juan Cruz,,
instagram,tara.kudale,Tara Kudale,,
instagram,underlindesnes,Under,,
instagram,vendetta.archive,VENDETTA ARCHIVE,,
instagram,thesimonellis,The Simon Ellis,,
instagram,our_art_tokyo,Wearable Art / ????? | OUR ART,,
instagram,metaneon_,METANEON,,
instagram,halcyonveil,Halcyon Veil,,
instagram,moneyman,Money,,
instagram,vory,VORY.,,
instagram,plutopiaworld,Plutopia,,
instagram,architects_need,Art & Architecture,,
instagram,eduard_ov,,,
instagram,landon_khiry,Landon Khiry,,
instagram,griflan,,,
instagram,dingyun_zhang,Ding,,
instagram,craigflemingphoto,Craig Fleming,,
instagram,totalemotionalawareness,,,
instagram,nicoladelorme,NICOLA DELORME,,
instagram,moranofilippo,Filippo P M di Custoza,,
instagram,virgilabloh,,,
instagram,creams.creams,????????????,,
instagram,bambamtuivasa,Tai 'BAMBAM' Tuivasa | FROM THE AREA ??,,
instagram,kelis,Kelis,,
instagram,siyad_abdali,Siyad Ali,,
instagram,larryjackson,Larry Jackson,,
instagram,thebesttoothgemdesigns,The Best Tooth Gem Designs,,
instagram,rayan_atb,Rayan ATB,,
instagram,ambush_official,AMBUSH�,,
instagram,thatboykav,THATBOYKAV ??,,
instagram,mrdoodle,Mr Doodle,,
instagram,thewiserapp,Wiser App,,
instagram,aleboi.art,aleboi,,
instagram,gergopfeiffer,Gerg? Pfeiffer,,
instagram,benjibluebills,TWINJAMIN BANKLIN ?,,
instagram,gastt_fashion,gastt Fashion,,
instagram,poweredby_iodf,IoDF Platform | Digital Product Passports,,
instagram,rndmghst,RANDOM GHOST,,
instagram,michmdn,mich_mdn,,
instagram,off_aer,Aer,,
instagram,jay.cgi,Jay H Patel,,
instagram,visualmelt,Visual Melt,,
instagram,leonardosimoncini,Leonardo,,
instagram,roboct6,Rob Foreman,,
instagram,urunclesean,TSK,,
instagram,shanef3d,ShaneF Motion Design,,
instagram,thebeautifulshub,SHIVA,,
instagram,simonbailly,,,
instagram,interioryesplz,Veronika Panta,,
instagram,thesmircs,smircs�,,
instagram,conv.ai,Convai,,
instagram,goat,GOAT,,
instagram,d.terazono,Daisei Terazono (YOFUKURO),,
instagram,jhgfx,Jordan,,
instagram,cold_archive,COLD,,
instagram,kindabloop,,,
instagram,blackstarboy,Kwe the Artist,,
instagram,thecoverartguyy,coverartguy,,
instagram,pablo.rochat,Pablo Rochat,,
instagram,k_ingminchen,Dia Chan,,
instagram,blockmind,Cem Tezcan,,
instagram,vaporwavezone,V A P O R W A V E    Z O N E,,
instagram,tmttcls,TIMOTTHEOS,,
instagram,polyspheric,Polyspheric,,
instagram,nevillegoddardtreasury,Neville Goddard,,
instagram,ourgenerationmusic,Our Generation Music,,
instagram,pascalmoehlmann,Pascal M�hlmann,,
instagram,_youngharry,HARRY??,,
instagram,onlineceramics,Online Ceramics,,
instagram,krista.kim,Krista Kim,,
instagram,motionmate,motion mate,,
instagram,wonguy974,Olivier Wong,,
instagram,thebutcherbilly,Butcher Billy,,
instagram,konji___,Dima Konjaria,,
instagram,troybrowne,Troy Browne,,
instagram,batman.black.label,Batman Comic Covers,,
instagram,naj_visuals,najmul azan,,
instagram,hayabusa.a,Haya,,
instagram,graphic.juice,Graphic Juice,,
instagram,suncity80s,Sun City,,
instagram,interiumart,InteriumArt,,
instagram,yvesdecamps,Ivan Campos,,
instagram,amazing.architecture,Amazing Architecture,,
instagram,vexx,Vexx,,
instagram,florenoir,Florian Renner,,
instagram,annateszler,TEZA ?,,
instagram,roboct6,Rob Foreman,,
instagram,real_rodeo,RODEO�,,
instagram,ave.repin,Ave Senshi,,
instagram,gvancagelashvili_,GvancaGel_,,
instagram,somalisafro,Safro ?,,
instagram,umi_languages,Umi Languages,,
instagram,da__h_,dig a hole,,
instagram,thehouseoffineart,HOFA Gallery,,
instagram,ronjafman,J�? ??????,,
instagram,alessiodevecchi,Alessio De Vecchi,,
instagram,banks,banks,,
instagram,tommybogo,tommy bogo,,
instagram,louisnicolasdarbon,LOUIS-NICOLAS DARBON,,
instagram,jodyhighroller,RiFF RAFF ?? JODY HUSKY,,
instagram,artgrab.co,Art Grab,,
instagram,kevouthere,Kevin Ong,,
instagram,seskamol,seskamol,,
instagram,vivovistax,VIVOVISTAX,,
instagram,arttacksyou,aRttacksYOU - Joana H.,,
instagram,pathsofvalue,Love | Laugh | Grow,,
instagram,scale_studio_3d,Scale3D,,
instagram,viralvideo.club,Yasin Mammeri,,
instagram,tremaineemory,Tremaine Emory,,
instagram,vaporwavezone,V A P O R W A V E    Z O N E,,
instagram,visionary__voices,Visionary Voices,,
instagram,teenagestepdad,Teenage Stepdad,,
instagram,danielkeoghart,Daniel Keogh,,
instagram,modern.architect,MODERN ARCHITECT,,
instagram,_ilyacreates,ilyacreates,,
instagram,thecarefreeworld,The Carefree World,,
instagram,elizabethcampbelljones,Campbell Jones,,
instagram,alligatorjesus,ALLIGATOR JESUS,,
instagram,etiennelamont,ETIENNE LAMONT,,
instagram,highsnobiety,HIGHSNOBIETY,,
instagram,pascalmoehlmann,Pascal M�hlmann,,
instagram,grafikonelu,grafikonelu,,
instagram,level11vr,Level11,,
instagram,meoto_gun_pla,????@fujisan hobby village,,
instagram,yaya_tourai,Yaya Touray,,
instagram,quentin_lafforgue,QUENTIN,,
instagram,yu.lez,Yulissa Benitez,,
instagram,nelplant,Nelson De Coninck,,
instagram,jade.bern,JADE BERN,,
instagram,autoerotica__,Auto Erotica.,,
instagram,samuelross,Dr. Samuel Ross MBE.,,
instagram,alex2tone,ALEX/2TONE,,
instagram,motiondesigners,Motion Designers Community,,
instagram,urunclesean,TSK,,
instagram,bruballs,Maddie Brewer,,
instagram,limloo.dsn,Limloo ????,,
instagram,achvs_mateii,Archives.Mateii,,
instagram,onlineceramics,Online Ceramics,,
instagram,alman_hd,Arthur Baum,,
instagram,chriskcreates,chris,,
instagram,motiongraphics_collective,Motion Graphics Collective,,
instagram,kamaczechowska,Kama Czechowska,,
instagram,dego.boop,Dego,,
instagram,donglulittlefish,Donglu,,
instagram,alygunawan,Alessia Gunawan,,
instagram,kaws,,,
instagram,thegvgallery,GOLD+VINTAGE,,
instagram,thelonious_art,Thelonious Stokes,,
instagram,sixnfive,Ezequiel Pini (Six N. Five),,
instagram,anya_tran,Anya Tr?n,,
instagram,1o64s3fp7b2,???,,
instagram,leahlikesadobe,leah ????? ??,,
instagram,therackaracka,Danny Philippou,,
instagram,aadk.studio,AADK Studio,,
instagram,alanwatts_zen,Alan Watts,,
instagram,killmarni,Marni,,
instagram,piperferrari_,piper,,
instagram,brvinfreeze,,,
instagram,panoptikum_,Linus,,
instagram,pitchblend,Pitchblend,,
instagram,yalocaloffgod,drew/offgod,,
instagram,romanbratschi,Roman Bratschi,,
instagram,magnetic.ground,,,
instagram,hanson.method,HMD� c/o Finn Hanberg,,
instagram,socialtypro,Austin Armstrong,,
instagram,_okiden,Jordan :),,
instagram,lukasabbat,>admin,,
instagram,tombogo,TOMBOGO�,,
instagram,rhythmandsoulpatrolshow,Lindsey Renee,,
instagram,andres_bronni,Andr�s Bronnimann,,
instagram,letthelordbewithyou,Scott Disick,,
instagram,studiokarrtesian,KARRTESIAN,,
instagram,hanaphora_,hannah lou,,
instagram,bangerboyzz,??4????????,,
instagram,chloepultar,Chlo� Pultar,,
instagram,bestofspeedflying,SPEEDFLY.COM,,
instagram,allcapsstudios,All Caps Studios,,
instagram,ninocence,NINOCENCE,,
instagram,roboct6,Rob Foreman,,
instagram,drool_art,DROOL,,
instagram,cc.creationz,Cory Crouch,,
instagram,nems_fyl,GORILLA NEMS,,
instagram,mr.kalopsia,Eashan Misra,,
instagram,snadhir,Nadhir Nor,,
instagram,museumofnftart,M0NA,,
instagram,karlouchki,KARL,,
instagram,annakhachiyan,Anna Khachiyan,,
instagram,c__l__o,CLO,,
instagram,lukesthunder,,,
instagram,solitary.designs,Henry,,
instagram,konji___,Dima Konjaria,,
instagram,polinasladko,POLINA SLADKOVA,,
instagram,giulio.brown,Giulio Marrone Dittli,,
instagram,somalisafro,Safro ?,,
instagram,joescandrett,Joe Scandrett,,
instagram,irene.leeee,,,
instagram,mm_render,Marc Ma�� Studio,,
instagram,brickworksbp,Brickworks Building Products,,
instagram,alianz.cr,Alianz Architecture,,
instagram,blondewithnoe,????????,,
instagram,frankxtown,frank,,
instagram,parishiltonnft,Paris Hilton,,
instagram,grids.templates,,,
instagram,yezyye,Yezy,,
instagram,thepullup_tv,The Pull Up ??,,
instagram,vaporwavezone,V A P O R W A V E    Z O N E,,
instagram,litatavadze,Lita,,
instagram,vetements_official,VETEMENTS,,
instagram,orangecultureng,Orange Culture Nigeria,,
instagram,goodeyesthetics,Christopher Guevarra,,
instagram,pascalmoehlmann,Pascal M�hlmann,,
instagram,imrobbiegreen,Robbie Green,,
instagram,kaws,,,
instagram,rtfkt,RTFKT,,
instagram,dmcsdesign_,Darach McSherry,,
instagram,meginmadethis,Megin,,
instagram,isseycross,I S S E Y C R O S S,,
instagram,dillondanis,,,
instagram,imagineio_official,imagine.io | 3D Content Creation Platform,,
instagram,process.ai,bree hill,,
instagram,sebastien.nagy,SEBASTIEN   NAGY,,
instagram,onlineceramics,Online Ceramics,,
instagram,mrmonstersauce,Mr Monster Sauce,,
instagram,arts.of.win,Pixo Win,,
instagram,issac_yu,ISSAC YU,,
instagram,matthewcookstudio,Matthew Cook,,
instagram,thegvgallery,GOLD+VINTAGE,,
instagram,collincourter,,,
instagram,therackaracka,Danny Philippou,,
instagram,rare_to_release,rare\to\release,,
instagram,julien.gromelle,Julien Gromelle,,
instagram,marvelous_media_engine,,,
instagram,studio_magga,Studio magGA,,
instagram,richardmbrowning,Richard M. Browning,,
instagram,dreamofphil,Phil,,
instagram,leeellisart,Lee Ellis,,
instagram,needfourmore,996+4,,
instagram,versace,VERSACE,,
instagram,folders,folders,,
instagram,petertarka,Peter Tarka,,
instagram,vrishtidesigns,Vrishti Designs� | Interior | Decor | Furniture,,
instagram,_deepsky,Tat / Tatsuto Shibata,,
instagram,__baeige__,Jo-Anie Charland,,
instagram,yi.jin.o,???,,
instagram,leonedwardsmma,"Leon ""Rocky"" Edwards",,
instagram,krista.kim,Krista Kim,,
instagram,robindonaldsonarchitect,Robin Donaldson,,
instagram,palxash,PALXASH | 3D Artist,,
instagram,theunbeknown_,Asem | ????,,
instagram,mr_jackio,Jack Harrison,,
instagram,univer.se,Universe,,
instagram,c.arla,CARLA,,
instagram,haileyknox,Hailey Knox,,
instagram,other__matters,Francesco Ragazzi,,
instagram,lr.3dart,Ljuba Roichman,,
instagram,krotchy,Sarah McDaniel,,
instagram,catie_cook_art,Catie Cook,,
instagram,the_maticstudio,The Matic Studio,,
instagram,rains_studio,Rains Studio,,
instagram,frankiewicz.rozniata,Frankiewicz & Ro?niata,,
instagram,bloodyosiris,A Sales Associates Dream,,
instagram,chroma_bureau,Chroma,,
instagram,kocky_ka,KOCKY KA,,
instagram,echoseireeni,echo seireeni,,
instagram,interiumart,InteriumArt,,
instagram,guinea_mate_gaki,"�????""GUINEA MATE""???",,
instagram,sierramarie.1,????????,,
instagram,nost4lgia.art,Mauricio Seidel,,
instagram,shoes53045,SHOES 53045,,
instagram,da__h_,dig a hole,,
instagram,jordanadetunji,Jordan Adetunji,,
instagram,teenagestepdad,Teenage Stepdad,,
instagram,yi.jin.o,???,,
instagram,leonedwardsmma,"Leon ""Rocky"" Edwards",,
instagram,spatial_io,Spatial,,
instagram,robindonaldsonarchitect,Robin Donaldson,,
instagram,palxash,PALXASH | 3D Artist,,
instagram,theunbeknown_,Asem | ????,,
instagram,mr_jackio,Jack Harrison,,
instagram,fxntxnile,? ?????????????????? ? | 3D artist,,
instagram,univer.se,Universe,,
instagram,maxsho.png,MAXSHO,,
instagram,c.arla,CARLA,,
instagram,haileyknox,Hailey Knox,,
instagram,other__matters,Francesco Ragazzi,,
instagram,lr.3dart,Ljuba Roichman,,
instagram,annateszler,TEZA ?,,
instagram,krotchy,Sarah McDaniel,,
instagram,the_maticstudio,The Matic Studio,,
instagram,rains_studio,Rains Studio,,
instagram,frankiewicz.rozniata,Frankiewicz & Ro?niata,,
instagram,bloodyosiris,A Sales Associates Dream,,
instagram,guinea_mate_gaki,"�????""GUINEA MATE""???",,
instagram,sierramarie.1,????????,,
instagram,nost4lgia.art,Mauricio Seidel,,
instagram,smiley61st,BOB JACK,,
instagram,3dvirtualfashion,3dvirtualfashion,,
instagram,shoes53045,SHOES 53045,,
instagram,amio_mon,Ivana,,
instagram,jordanadetunji,Jordan Adetunji,,
instagram,vilasboas.3d,Gabriela Vilas Boas,,
instagram,stephenlotus,Stephen Lotus ??????,,
instagram,soze___________,Guillaume Sauzey,,
instagram,jneedmclovin143,junno salvanera,,
instagram,layersandshapes,Layers&Shapes,,
instagram,dexternavy,Dex Navy,,
instagram,caz.________,CAZ,,
instagram,ledpulse,Dragon O? � FutureBased LED Technology,,
instagram,howardphillipsdesign,Howard Phillips,,
instagram,ddanielp1,Daniel Pe?a,,
instagram,balmain,Balmain,,
instagram,kocky_ka,KOCKY KA,,
instagram,filswitch_secondknock,second knock,,
instagram,marco_oggian,Marco Oggian,,
instagram,fijnemanart,Bas Fijneman,,
instagram,masonrothschild,Mason Aston,,
instagram,liltay,LIL TAY,,
instagram,sosiebacon,Sosie Bacon,,
instagram,lovetomorrow3d,"Love, Tomorrow",,
instagram,gkverse,Gunnar Kvilhaug,,
instagram,xapolloai,[ApolloAI] Archive,,
instagram,uncommonhotels,UNCOMMON HOTELS,,
instagram,achvs_mateii,Archives.Mateii,,
instagram,dedouze,Andry � D�douze,,
instagram,themediumsocial,the medium,,
instagram,nisheink,Nishe Anais Sardou,,
instagram,evannicolini,Evan Nicolini,,
instagram,travelinggentleman,Ruben Hundepool,,
instagram,checkmate.au,PERFORMANCE MARKETING,,
instagram,brentmcraige,Brent C.,,
instagram,ricardocavolo,ricardocavolo,,
instagram,travysowen,Travys Owen,,
instagram,missteopage,LIFESTYLE | TRAVEL | MOTIVATION,,
instagram,thevoidwhichbinds_,,,
instagram,ralph_poon,Ralph,,
instagram,jonbismo,Jon Benet,,
instagram,mayabeano,Maya Beano,,
instagram,dondasports,DONDA SPORTS ??,,
instagram,uuiuui__072291,UuiUui ???,,
instagram,spencerdinwiddie,Spencer Dinwiddie,,
instagram,virtualrags,VIRTUAL RAGS STUDIO,,
instagram,ultraviolence_graphics,Cesar Reyes,,
instagram,voicedotai,voice.ai,,
instagram,aspacesamurai,???????,,
instagram,killclosuree,Closuree,,
instagram,reisingerandres,Andr�s Reisinger,,
instagram,arch.url,ARCH LABEL,,
instagram,keulmaille_art,Art Collector (Digital & Traditional),,
instagram,hwstudioarq,HW STUDIO Arquitectos,,
instagram,tohru_dance,??????_???????????????????,,
instagram,chenpengstudio,CHENPENG,,
instagram,3dvisually,3D Visually | Motion Design,,
instagram,impossible.realities,Matthieu Martin,,
instagram,erikg1337,Erik Guthrie,,
instagram,dysphic,DYSPHIC | Digital Artist,,
instagram,galactixy_illustrations,Andreea Dumuta,,
instagram,charlescoxart,Charles Cox,,
instagram,jamesturrelltour,James Turrell Tour,,
instagram,friendswithyou,Sam & Tury,,
instagram,jaschasuess,Jascha Suess,,
instagram,thecombathour,The Combat Hour Podcast,,
instagram,danieltarcher,D A N I E L   A R C H E R,,
instagram,vfxfreek,VFXFREEK,,
instagram,andrewpunchak,Andrew Punchak,,
instagram,the_ai_architect,The AI Architect,,
instagram,bennyor,Benny Or,,
instagram,thisiskaspr,KASPR __,,
instagram,darekzabrocki,DAREK ZABROCKI,,
instagram,taimur.mian,Taimur,,
instagram,_halethridge,Hal Ethridge,,
instagram,swistek.m,Maciej ?wistek,,
instagram,nadawinx,Nada Eissa,,
instagram,indg0,I N D I G O �,,
instagram,elleriemarie,Ellerie Marie,,
instagram,bennyor,Benny Or,,
instagram,aiaiai.png,aiaiai.png,,
instagram,takeaway.psd,takeaway-,,
instagram,psguy2026,PhotoshopGuy,,
instagram,argenwave.official,Synthwave l Retro 80s????????,,
instagram,ghnvin,gion,,
instagram,rafaorricodiez,Rafa Orrico D�ez,,
instagram,bakeneko.bakeneko,BAKENEKO,,
instagram,mr.d.langley,Dolores Langley,,
instagram,benedictradcliffe,Benedict Radcliffe,,
instagram,felower__,Felower / Lucas Eschenbrenner,,
instagram,_lorena_g_,Lorena G,,
instagram,superarchitects,SuperArchitects�?,,
instagram,alexander_wessely,Alexander Wessely,,
instagram,godesignsinc,GO Designs Inc,,
instagram,albertomielgo,Alberto Mielgo,,
instagram,threadstories,threadstories,,
instagram,wisdom.keepers,Wisdom Keepers,,
instagram,majesticcasual,Majestic Casual,,
instagram,bluebeigedesigns,bluebeige designs�,,
instagram,charkvianilana,lana charkviani,,
instagram,lensa.ai,Lensa AI,,
instagram,manifestation_81,manifestation || vibration || lawofattraction,,
instagram,ronmuralist,Martin Ron,,
instagram,evr.lstng,??????????????????????,,
instagram,architect.and.ai,,,
instagram,mindpalaceai,MindPalace,,
instagram,frank_square,Fran�ois Careau,,
instagram,coterievirtual,C O T E R I E    V I R T U A L,,
instagram,afshinmomadi,???????????? ????????????,,
instagram,solografik,SoloGrafik,,
instagram,baxvisual,Pasi �B�x� K�r�j�oja,,
instagram,_overfiend_,??????????????????,,
instagram,mregfx,MRE,,
instagram,hugo.psd,hugo,,
instagram,_blairvermette,Blair Vermette,,
instagram,pamikov,Alexandr Pamikov,,
instagram,darekzabrocki,DAREK ZABROCKI,,
instagram,twentytwohalo,TECH ?? ? RT,,
instagram,propagation.house,Propagation House,,
instagram,robinholzken,Robin H�lzken-Krikke,,
instagram,_shieriru_,????/shieriru,,
instagram,retro_fantasy_ai,,,
instagram,dsorder,DSORDER,,
instagram,annadreambrush,Anna Zhilyaeva,,
instagram,kollectiff.studio,Kollectiff,,
instagram,hardmetacore,Alessandra Vuillermin,,
instagram,nadawinx,Nada Eissa,,
instagram,palashartz,PAL | BRAND DESIGNER,,
instagram,_artistry_media_,Artistry Media | UI & UX TIPS & TRICKS,,
instagram,alexproba,Alex Proba,,
instagram,pejac_art,Pejac,,
instagram,jonstan.nyc,Jon Stan,,
instagram,autograph.io,Autograph,,
instagram,aiinteriordesigns,ai interior designs,,
instagram,inspiringlaces,?????????????????????? ?????????????? ??????????,,
instagram,jasoncampbellstudios,Jason Campbell????,,
instagram,placebodesignlab,PLACEBO,,
instagram,max_d_drummer,Max D Drummer,,
instagram,kyleluvsew,Kyle Fletcher,,
instagram,vincentcallebautarchitectures,Vincent Callebaut,,
instagram,saher_tarek_art,Saher Tarek,,
instagram,invnt,INVNT�,,
instagram,itsloeki,??????????,,
instagram,zemengze,Mengze,,
instagram,alternatehistory.ai,Alternate History,,
instagram,ameyzing_architect,Amey Kandalgaonkar,,
instagram,novus.amor,JOSH JEN,,
instagram,patricia_bustos,Patricia Bustos,,
instagram,h.a,HAIDER ACKERMANN,,
instagram,gioeleamaro,Gioele Amaro,,
instagram,juliusvaneyck,Julius Van Eyck,,
instagram,ygtakei,TAKEI,,
instagram,jonathan_paul_jackson_art,Jonathan Jackson,,
instagram,classicsafterhours,classics after hours,,
instagram,spenceless_designz,Spencer Nelson - Graphic Design,,
instagram,sadi.theblindlady,Sadi Taylor,,
instagram,angel_oloshove,Angel Oloshove,,
instagram,willselviz,Will Selviz,,
instagram,gavinsew.arts,Gavin Sew | 3D Motion,,
instagram,marctudisco,Marc Tudisco,,
instagram,chicagodonc,DC2,,
instagram,traumamnesia,T R A U M A M N E S I A,,
instagram,aboywhopaints,Jack Estenssoro,,
instagram,ummetozcan,Ummet Ozcan,,
instagram,sleepless.clem,Clem.,,
instagram,davidskulpteur,DAVID!,,
instagram,ondrejzunka,Ondrej Zunka,,
instagram,lk4id,LK4ID - Interior Design | Smart Home | Lighting Design,,
instagram,danwindowdesign,D A N I E L  W I N D O W,,
instagram,world.of_architecture,World of Architecture,,
instagram,izzylawrence.studio,Izzy Lawrence,,
instagram,joshudoser,Joshua Serafin ???,,
instagram,amina.blue,,,
instagram,pauloctavious,Paul Jr,,
instagram,amaanjahangir,Amaan Jahangir,,
instagram,hustwilson,HUST,,
instagram,venomwingsuit,Venom Wingsuit Acrobatic Team,,
instagram,hustwilson,HUST,,
instagram,venomwingsuit,Venom Wingsuit Acrobatic Team,,
instagram,mdc2prod,Maud,,
instagram,etc__art,Enric Trullols Crespo,,
instagram,visionaires.club,Visionaires,,
instagram,ur.ptato,??? ??????,,
instagram,amir.a.fattal,Amir Fattal,,
instagram,sureailabs,sure.ai labs,,
instagram,_reuko,REUKO,,
instagram,miaboas,Mia Mari� Boas,,
instagram,zebrand.official,ZeBrand | Branding Platform,,
instagram,drealesure,Drea L�sure,,
instagram,christidis.andreas,ANDREAS CHRISTIDIS,,
instagram,a.k.e.d.a,Akeda-Alida,,
instagram,mendozajesse,CA Photographer/Videographer,,
instagram,bear1boss,Lil Hotsauce,,
instagram,creiaskeera,??????? ????????,,
instagram,thewavexr,Wave,,
instagram,scholotiuk,Andrew Scholotiuk,,
instagram,amusvision,Amrit,,
instagram,wegotyoup,Youp,,
instagram,bhawklyn,Ben Hawklyn,,
instagram,muzabi.co.kr,muzabi,,
instagram,mulchworld_,Mulchworld,,
instagram,philippludwigdesign,Philipp L.,,
instagram,rycrotty,Ryan Crotty,,
instagram,hashem_advs,Hashem Ahmed,,
instagram,mylonelyloop,My Lonely Loop,,
instagram,archgalaxy,ArchGalaxy,,
instagram,haunted_pastels,Haunted Pastels,,
instagram,vilab.co,Visual Lab,,
instagram,haunted.fork,Haunted Fork,,
instagram,iola_e,Iola Evans,,
instagram,chryssanthy_,chryss??,,
instagram,scan.ar,SCANAR,,
instagram,rulebyart,RULEBYART,,
instagram,zigor,Zigor,,
instagram,tom3d.gram,Tom Lockyer,,
instagram,kazu.saitou.3,?? ?,,
instagram,_swartx,Mo Salih ibrahim,,
instagram,hanaazab,Hana,,
instagram,bigwocky,MALI SMITH,,
instagram,koto9x,Koto,,
instagram,zee.cay,Zk,,
instagram,kickzandfitz216,Doug Hughes,,
instagram,lorenzo.de.medici,Lorenzo de Medici,,
instagram,lynn__squared,lynnsquared,,
instagram,gio.med,Gio Medalla,,
instagram,cassiopeus,Lubos Oravec,,
instagram,wondering.architect,Wondering Architect,,
instagram,an.nyen,???????????????? ???????????? � ?????????????? � ????????????,,
instagram,thenevillesway,The Neville's Way,,
instagram,kinka.sz,alberto,,
instagram,architect.and.ai,,,
instagram,thevillageprotocol,The Village Protocol,,
instagram,daewhakangdesign,DaeWha Kang Design,,
instagram,chesscamphq,Chesscamp,,
instagram,stigfostervold,Stig Fostervold,,
instagram,lavrenowlad,Vladislav Lavrenov,,
instagram,gingerale_arthaus,Daniel Smith,,
instagram,takeaway.psd,takeaway-,,
instagram,solografik,SoloGrafik,,
instagram,larrymadrigal,L A R R Y    M A D R I G A L,,
instagram,livingroom.online,living room ???,,
instagram,ian.brann,Ian Brann,,
instagram,osmio.os,Elia Bertolotti,,
instagram,unborncreate,unborn,,
instagram,andrewfootit,Andrew Footit,,
instagram,rononhp,Ronon,,
instagram,tryconversion,Conversion,,
instagram,mc.laniel,Marie-Christine Laniel,,
instagram,gigigvaliaart,Gigi Gvalia Art,,
instagram,penelasarchitects,Jos� Luis Esteban Penelas,,
instagram,kennected_,KENNECTED,,
instagram,auglio_,Auglio Official,,
instagram,marcosimonetti____,MARCO SIMONETTI,,
instagram,mfb.cie,Mauro Fernandes Borges,,
instagram,max__visuals,Max Rutgers,,
instagram,ill_lawi,Ali Dawood,,
instagram,xt86.studio,XT86,,
instagram,msgspherestudios,MSG Sphere Studios,,
instagram,arqhugogonzalez,Archivo Hugo Gonzalez,,
instagram,marusya_gruzdova,SCSsubconscios3D,,
instagram,citylights_graphy,CITY LIGHTS GRAPHY,,
instagram,percents,,,
instagram,ziggymoto,Z I G G Y - M O T O,,
instagram,erizzyy,Eric Richardson,,
instagram,noblefunny,Avery Johnson,,
instagram,thisisvmax,VMAX �,,
instagram,kyesone,ky�s,,
instagram,jodiemariesmith,?????????? ??????????,,
instagram,keap,Keap | Small Business Automation Tips,,
instagram,thats_gamedev,That�s Gamedev,,
instagram,anderalencar,Ander Alencar,,
instagram,aetic.m,AETIC,,
instagram,markstockerdesign,Mark Stocker,,
instagram,aronversteeg,Aron Versteeg,,
instagram,_dgtravel_,Giulia De Jesus & Donato Solimena,,
instagram,avatar.magician,AvatarMagician* | Art,,
instagram,pragmatik0,Pragmatiko,,
instagram,mateo.mace,Mateo Mace,,
instagram,livingroom.online,living room ???,,
instagram,deep.energies,DEEP,,
instagram,elsar_dwmn,Elsar Dwiman,,
instagram,rydenn.n,RYDEN,,
instagram,janhpier,Jan Haller Saenz,,
instagram,iola_e,Iola Evans,,
instagram,midnite_on_mars,Midnite On Mars ??,,
instagram,shanewheatcroft,Shane Wheatcroft,,
instagram,isaacolander,Isaac Olander,,
instagram,enrico_robusti,Enrico Robusti,,
instagram,vitaliyhavrylyuk,Vitaliy Havrylyuk,,
instagram,behaind.the.screen,Emma Gimenez,,
instagram,jodiemariesmith,?????????? ??????????,,
instagram,adxmboni,adxmboni,,
instagram,osaki.png,Miron Malejki,,
instagram,betraydan,Daniel Klopper,,
instagram,mr_deev,mr_deev,,
instagram,ameyzing_architect,Amey Kandalgaonkar,,
instagram,geeohhs,Geeohhs,,
instagram,mattpsd,Matthew Mason,,
instagram,angel_oloshove,Angel Oloshove,,
instagram,soulsfeng,Soulsfeng New York,,
instagram,chryssanthy_,chryss??,,
instagram,adrianazoeyy,ADRIANA ZOEY,,
instagram,elmo.mistiaen,Elmo Mistiaen,,
instagram,hitaka.graphicdesign,HITAKA,,
instagram,mutablestudios,Mutable Studios,,
instagram,alexshin_art,Alex Shin | ???,,
instagram,philippludwigdesign,Philipp L.,,
instagram,rycrotty,Ryan Crotty,,
instagram,to.mu.lab,Tony Murray,,
instagram,bricktopians_nft,Bricktopians ??,,
instagram,antonisraelmusic,Anton Israel,,
instagram,felixdigit,Felixdigit://,,
instagram,kheloudelmas,Kh�loud,,
instagram,mattjukes,Matt  Jukes,,
instagram,rodizio,??????????????,,
instagram,bloowoods,Bloo Woods,,
instagram,josuaguirre,Josu Aguirre,,
instagram,danielegay_arts,Daniele Gay,,
instagram,dnyivn,Danny Ivan,,
instagram,anotherartist.co,DIGITAL + PHYSICAL ART,,
instagram,jonianmax,Jon Ian Max,,
instagram,thomasducrest,Thomas du Crest,,
instagram,generate_ftwr,Generate FTWR,,
instagram,_swartx,Mo Salih ibrahim,,
instagram,temptdofficial,Temptd �,,
instagram,tryconversion,Conversion,,
instagram,a_palomita,Palomita A Punto Efe,,
instagram,monsterandom,Reza A,,
instagram,julien.missaire,Julien Missaire,,
instagram,shahub68,shahub,,
instagram,penelope.nyc,PENELOPE,,
instagram,atlanta_visuals,Atlanta Visuals,,
instagram,mamawingsuit,MaMa Wingsuit,,
instagram,allenbest10x10,???,,
instagram,orrintaylorart,Orrin Taylor,,
instagram,jodecifeenin,jodecifeenin,,
instagram,mrpwsprmp,MRWSP,,
instagram,theblacklabstudio,THEBLACKLAB �  3dArtist / Art director,,
instagram,mbg_core,MBG CORE,,
instagram,opus.ai,OpusAI,,
instagram,lukas.hahn.3d,Lukas Hahn,,
instagram,pixelate.games,PixelateGames,,
instagram,sturdyuncle,not an uncle,,
instagram,l2afaelvieira,Rafael Vieira,,
instagram,lookingpasttheillusion,Conscious Manifestor,,
instagram,veggies_gori,YUDAI??,,
instagram,totallynormalll,Totally normal,,
instagram,enenragame,Offical Enenra,,
